CGPA,Branch,CTC,Year,Company,Role
6.81,ECE,3.79,2024,Infosys,QA_Engineer
7.04,CE,19.03,2023,Microsoft,SDE
6.33,EEE,32.05,2024,Paytm,UI/UX
5.79,ME,39.28,2025,Wipro,DevOps
8.03,IT,8.3,2024,Adobe,DevOps
8.92,CSE,15.28,2024,Wipro,SDE
8.85,CSE,19.31,2023,Infosys,Business_Analyst
8.98,EEE,36.32,2024,Paytm,DevOps
6.02,ECE,30.22,2023,Google,DevOps
8.98,IT,24.17,2023,Google,QA_Engineer
8.64,CSE,6.12,2023,TCS,Product_Manager
6.96,CE,29.49,2023,Adobe,QA_Engineer
7.59,IT,28.85,2025,IBM,UI/UX
10.0,CSE,17.63,2023,Infosys,Business_Analyst
8.85,IT,5.87,2023,Adobe,UI/UX
9.03,IT,30.65,2025,IBM,Product_Manager
7.11,CSE,8.2,2024,Microsoft,Data_Science
7.47,CSE,30.19,2025,Google,DevOps
7.4,IT,25.57,2024,Amazon,Data_Science
6.58,BT,32.83,2025,Google,Business_Analyst
5.0,CE,24.02,2023,IBM,UI/UX
8.44,EEE,27.22,2023,Paytm,DevOps
7.34,BT,19.16,2023,Amazon,UI/UX
5.9,CSE,29.12,2024,Amazon,Product_Manager
7.97,IT,33.3,2024,IBM,SDE
8.38,CE,12.97,2025,Adobe,DevOps
7.34,CE,22.69,2025,Microsoft,SDE
6.9,BT,14.77,2024,TCS,QA_Engineer
8.42,ECE,26.37,2025,IBM,QA_Engineer
6.72,CSE,11.5,2024,Wipro,Product_Manager
5.1,CE,25.95,2024,Adobe,Business_Analyst
6.07,ECE,4.98,2025,Paytm,Data_Science
6.61,EEE,33.58,2024,IBM,DevOps
9.77,IT,28.12,2023,TCS,DevOps
7.72,CSE,18.74,2025,IBM,QA_Engineer
5.21,IT,13.23,2023,Infosys,Product_Manager
8.12,EEE,7.9,2024,Amazon,Data_Science
6.46,CSE,22.49,2024,Google,DevOps
8.58,IT,12.64,2024,Adobe,Business_Analyst
7.61,BT,39.67,2023,Wipro,Business_Analyst
5.94,ME,35.36,2025,Infosys,Data_Science
7.48,CSE,7.55,2025,Adobe,UI/UX
6.93,IT,38.76,2025,Amazon,UI/UX
6.79,EEE,33.93,2024,Paytm,UI/UX
6.86,ECE,38.17,2024,Infosys,DevOps
9.37,CSE,28.66,2024,TCS,SDE
9.72,ME,23.15,2023,Infosys,QA_Engineer
8.92,CE,29.1,2024,Amazon,UI/UX
9.95,IT,14.54,2024,Infosys,Product_Manager
8.05,CSE,10.18,2023,Paytm,Business_Analyst
6.65,CE,19.27,2023,Wipro,Business_Analyst
7.34,CSE,26.31,2023,IBM,Product_Manager
7.16,IT,16.21,2023,Microsoft,QA_Engineer
5.72,EEE,24.51,2025,Infosys,DevOps
6.49,CE,3.52,2023,Google,SDE
8.85,BT,17.8,2023,IBM,UI/UX
5.01,BT,25.71,2025,Wipro,Business_Analyst
8.11,ECE,3.64,2024,TCS,QA_Engineer
7.06,CE,30.86,2024,TCS,Data_Science
9.53,ME,27.77,2025,Infosys,QA_Engineer
6.6,ME,19.55,2024,Flipkart,Data_Science
5.75,CE,15.86,2025,TCS,UI/UX
9.09,IT,22.52,2025,Adobe,Business_Analyst
5.01,CSE,27.78,2023,Google,Product_Manager
9.55,CSE,21.44,2025,IBM,DevOps
6.55,CSE,22.81,2025,IBM,Product_Manager
5.99,EEE,38.18,2024,Amazon,Data_Science
9.62,CE,9.45,2023,Adobe,Product_Manager
9.88,ME,14.88,2025,Microsoft,Product_Manager
5.01,BT,15.07,2025,Infosys,Business_Analyst
7.15,EEE,29.48,2024,Flipkart,Data_Science
5.79,IT,19.12,2024,Adobe,Product_Manager
7.72,BT,29.02,2025,Microsoft,QA_Engineer
8.93,ME,32.23,2024,Flipkart,UI/UX
6.72,CE,22.89,2024,Amazon,Product_Manager
9.82,CE,7.51,2023,IBM,UI/UX
7.36,EEE,33.17,2024,IBM,Product_Manager
6.7,ME,13.37,2024,TCS,SDE
6.6,ME,24.08,2023,Paytm,SDE
6.7,EEE,28.05,2024,Wipro,Data_Science
7.73,ECE,7.71,2025,Google,QA_Engineer
9.11,BT,16.8,2023,TCS,Business_Analyst
8.24,CE,34.48,2025,Flipkart,Data_Science
6.7,CE,8.3,2025,Microsoft,UI/UX
9.1,CE,5.93,2024,Paytm,DevOps
6.76,ME,39.06,2024,Amazon,Business_Analyst
6.18,EEE,15.41,2025,IBM,Business_Analyst
8.33,ECE,29.27,2025,Adobe,UI/UX
5.54,CSE,16.67,2024,Google,QA_Engineer
8.34,ME,8.35,2023,Infosys,SDE
9.22,ECE,22.68,2024,Adobe,UI/UX
9.47,CE,11.82,2025,TCS,Product_Manager
9.26,EEE,25.11,2023,Paytm,QA_Engineer
8.47,CE,28.09,2025,Google,Business_Analyst
8.18,ECE,14.8,2023,IBM,QA_Engineer
5.47,ECE,10.35,2023,Flipkart,QA_Engineer
7.4,CSE,19.14,2024,Flipkart,QA_Engineer
7.94,ME,19.11,2025,Wipro,Business_Analyst
6.28,ME,24.31,2023,Wipro,SDE
9.09,CSE,9.44,2025,IBM,DevOps
9.31,IT,31.22,2025,Adobe,UI/UX
5.87,CE,25.32,2023,Flipkart,Data_Science
5.48,CSE,17.6,2024,TCS,DevOps
5.77,IT,17.89,2023,Infosys,QA_Engineer
6.02,IT,8.02,2025,Flipkart,UI/UX
8.38,EEE,8.93,2025,Paytm,DevOps
8.19,ME,34.54,2025,Microsoft,UI/UX
7.69,BT,11.64,2025,IBM,Data_Science
6.63,ME,8.95,2025,Amazon,QA_Engineer
6.56,ECE,21.85,2025,Microsoft,UI/UX
7.31,CSE,19.53,2025,TCS,Product_Manager
7.08,CSE,7.53,2025,Flipkart,Business_Analyst
8.53,ECE,27.58,2025,Flipkart,SDE
5.76,CSE,34.78,2025,Adobe,Data_Science
5.26,IT,26.21,2024,Flipkart,Product_Manager
9.33,CE,7.29,2025,Adobe,Data_Science
5.42,ECE,16.73,2023,Wipro,UI/UX
5.45,CSE,39.48,2024,Microsoft,QA_Engineer
9.17,ME,39.82,2025,Adobe,Product_Manager
5.93,CSE,35.1,2025,Infosys,Product_Manager
8.52,EEE,12.11,2023,Adobe,Business_Analyst
9.85,BT,20.76,2024,Wipro,Data_Science
9.24,ECE,33.58,2025,Infosys,QA_Engineer
7.51,CSE,15.45,2024,Amazon,UI/UX
9.18,CE,34.64,2025,TCS,Business_Analyst
8.27,ME,6.39,2025,Infosys,Data_Science
6.11,ME,16.61,2024,Infosys,Data_Science
8.38,IT,32.23,2025,Adobe,Product_Manager
8.55,IT,29.05,2024,Amazon,UI/UX
5.5,ECE,35.64,2023,Google,UI/UX
9.4,ME,5.06,2023,Infosys,QA_Engineer
6.7,CSE,18.96,2023,Wipro,DevOps
7.54,EEE,23.79,2025,Wipro,DevOps
8.16,EEE,26.02,2024,Flipkart,Product_Manager
7.66,CE,8.93,2023,Wipro,QA_Engineer
6.15,CE,36.29,2023,Flipkart,DevOps
6.7,CE,30.77,2024,IBM,Business_Analyst
5.49,ME,22.32,2025,IBM,Product_Manager
5.72,CE,36.32,2024,Google,Data_Science
5.73,IT,37.76,2024,TCS,Product_Manager
8.78,ME,36.3,2023,Infosys,DevOps
5.96,CE,13.97,2023,Infosys,Business_Analyst
8.04,EEE,35.92,2023,Wipro,UI/UX
5.53,CE,11.34,2025,IBM,QA_Engineer
9.83,BT,23.38,2025,Google,QA_Engineer
5.88,EEE,28.47,2025,IBM,DevOps
9.07,EEE,20.26,2023,Adobe,Data_Science
8.23,IT,10.45,2023,IBM,SDE
9.11,ECE,27.03,2024,TCS,Data_Science
6.36,BT,24.59,2025,Flipkart,DevOps
6.04,BT,34.77,2025,TCS,UI/UX
5.41,ECE,9.58,2023,Paytm,Business_Analyst
7.87,ME,32.48,2023,Paytm,SDE
9.07,ECE,12.69,2023,IBM,QA_Engineer
8.33,BT,31.74,2024,IBM,Product_Manager
6.02,ME,26.39,2024,Adobe,SDE
9.45,EEE,4.66,2023,Paytm,SDE
8.8,CE,14.06,2023,Wipro,Business_Analyst
6.58,ECE,11.02,2023,Google,Data_Science
6.39,CE,23.96,2025,Infosys,UI/UX
7.89,EEE,9.9,2025,Microsoft,Data_Science
6.25,ECE,36.92,2024,IBM,Product_Manager
5.42,ME,27.27,2025,Google,Data_Science
6.85,ME,14.75,2025,Google,UI/UX
6.71,IT,10.23,2023,Infosys,Data_Science
6.42,ME,6.58,2025,Paytm,Data_Science
8.89,IT,29.52,2023,IBM,Business_Analyst
5.53,CE,3.94,2024,IBM,Business_Analyst
9.3,EEE,28.88,2024,Wipro,DevOps
8.86,CE,23.94,2024,Amazon,SDE
9.16,IT,25.62,2025,Flipkart,Business_Analyst
8.86,ME,11.2,2023,TCS,Business_Analyst
8.49,CE,29.54,2025,Amazon,Data_Science
7.17,CE,15.05,2023,Infosys,Business_Analyst
5.5,ECE,5.43,2025,Paytm,UI/UX
6.41,IT,3.33,2023,Wipro,Product_Manager
6.23,EEE,33.95,2024,TCS,Business_Analyst
6.79,IT,6.94,2024,TCS,Business_Analyst
5.44,BT,16.56,2024,Adobe,QA_Engineer
7.75,ME,35.48,2024,Microsoft,Business_Analyst
8.65,BT,31.23,2023,Microsoft,QA_Engineer
7.13,EEE,24.27,2024,IBM,DevOps
9.79,BT,14.89,2023,Paytm,Business_Analyst
6.14,BT,7.18,2024,Amazon,Business_Analyst
7.14,CSE,6.91,2023,Flipkart,Business_Analyst
5.72,EEE,14.76,2024,IBM,SDE
6.73,IT,25.06,2023,Paytm,UI/UX
6.96,ME,30.93,2023,IBM,Data_Science
9.26,EEE,19.37,2023,Amazon,Product_Manager
7.84,CSE,39.76,2025,Microsoft,Product_Manager
9.89,CSE,24.38,2024,Microsoft,Product_Manager
9.23,IT,24.52,2025,TCS,Data_Science
5.96,CSE,27.3,2023,Amazon,DevOps
6.3,IT,14.1,2024,Paytm,Data_Science
7.88,ECE,22.46,2023,Flipkart,Business_Analyst
6.43,CE,5.71,2023,IBM,Product_Manager
9.71,CE,23.71,2025,Infosys,QA_Engineer
5.67,ECE,4.3,2023,IBM,Business_Analyst
5.88,EEE,39.46,2025,Amazon,SDE
8.22,EEE,34.21,2024,Microsoft,UI/UX
5.63,BT,35.81,2024,Google,QA_Engineer
9.85,ME,7.7,2025,Infosys,Product_Manager
5.59,CE,7.78,2024,TCS,Product_Manager
9.69,EEE,14.99,2023,Adobe,DevOps
6.45,CSE,23.6,2024,TCS,UI/UX
9.47,CE,20.98,2024,TCS,QA_Engineer
9.38,ECE,35.46,2024,Paytm,UI/UX
9.94,ME,3.87,2024,Microsoft,Data_Science
7.0,BT,22.88,2025,Wipro,DevOps
5.64,EEE,29.03,2023,Flipkart,Business_Analyst
5.17,CSE,31.64,2024,Microsoft,SDE
7.78,ME,8.27,2024,Google,UI/UX
6.79,CE,27.07,2023,Wipro,Business_Analyst
6.31,CE,23.5,2023,IBM,SDE
6.49,BT,31.92,2025,Flipkart,Product_Manager
9.68,BT,37.26,2025,Google,UI/UX
8.61,IT,10.05,2023,Wipro,QA_Engineer
9.07,BT,26.03,2025,Infosys,DevOps
8.25,BT,3.67,2025,Amazon,Data_Science
9.92,CSE,21.96,2023,Paytm,DevOps
5.84,EEE,9.28,2023,IBM,Product_Manager
5.12,IT,18.85,2024,Infosys,DevOps
5.95,ME,30.0,2024,IBM,Data_Science
8.51,CE,6.61,2025,Infosys,Data_Science
6.49,ME,28.47,2025,Infosys,SDE
9.81,IT,26.96,2024,Google,Business_Analyst
6.44,ECE,14.81,2025,IBM,Data_Science
8.54,CE,31.75,2023,Adobe,Business_Analyst
5.68,ME,12.17,2023,Flipkart,DevOps
9.87,CSE,10.66,2025,Microsoft,UI/UX
6.24,ECE,18.95,2024,Adobe,DevOps
9.29,BT,38.28,2024,Microsoft,SDE
6.11,EEE,37.22,2025,Microsoft,Product_Manager
6.33,IT,8.96,2023,Adobe,Data_Science
9.96,BT,29.82,2023,Microsoft,Business_Analyst
8.1,ECE,3.99,2023,IBM,QA_Engineer
8.18,CSE,18.2,2024,TCS,Business_Analyst
9.12,IT,34.03,2023,Infosys,Data_Science
5.58,ECE,31.16,2025,Flipkart,QA_Engineer
9.32,CSE,27.84,2023,Adobe,SDE
5.75,BT,35.59,2025,Microsoft,Data_Science
7.99,CSE,19.67,2024,IBM,SDE
5.45,ME,16.02,2023,Microsoft,DevOps
9.18,ECE,26.07,2023,Paytm,DevOps
8.57,ME,27.47,2025,Infosys,UI/UX
7.36,IT,27.92,2025,TCS,SDE
6.95,IT,3.64,2025,Adobe,Data_Science
7.06,ECE,17.44,2023,Infosys,UI/UX
5.63,ME,6.1,2023,Microsoft,DevOps
9.89,ME,6.6,2023,Flipkart,SDE
8.55,BT,30.88,2023,Amazon,UI/UX
5.59,ECE,27.77,2023,IBM,SDE
6.59,ME,19.89,2025,Google,QA_Engineer
9.33,IT,25.46,2024,Infosys,SDE
8.96,IT,7.6,2023,Google,QA_Engineer
7.52,IT,31.81,2024,Infosys,Product_Manager
7.74,IT,9.93,2024,IBM,Product_Manager
8.8,ME,18.67,2024,Wipro,DevOps
6.13,BT,39.83,2023,Amazon,DevOps
7.03,ME,23.54,2023,Adobe,SDE
8.86,BT,25.39,2025,Wipro,UI/UX
7.73,CE,8.17,2025,Flipkart,SDE
6.08,CSE,35.68,2023,Microsoft,Product_Manager
9.11,EEE,14.83,2024,Amazon,Business_Analyst
5.73,CE,19.28,2023,Flipkart,QA_Engineer
9.09,IT,15.46,2023,Amazon,UI/UX
6.72,BT,3.13,2025,Flipkart,DevOps
8.62,CE,7.94,2024,Microsoft,Business_Analyst
6.23,CSE,23.41,2023,Paytm,Product_Manager
7.87,BT,31.02,2025,Infosys,Product_Manager
8.29,CSE,36.63,2024,IBM,UI/UX
8.32,CE,27.85,2025,Paytm,UI/UX
8.61,BT,30.74,2025,Paytm,Data_Science
8.59,ME,23.56,2023,Flipkart,Business_Analyst
7.69,BT,12.67,2023,Flipkart,DevOps
6.02,CSE,19.44,2025,Paytm,Data_Science
5.86,ME,26.48,2025,Amazon,QA_Engineer
9.1,ME,22.25,2023,TCS,DevOps
7.89,BT,22.38,2025,Adobe,Business_Analyst
5.41,IT,18.88,2024,Infosys,UI/UX
9.47,IT,18.99,2023,Microsoft,Product_Manager
8.98,EEE,3.28,2025,Adobe,Business_Analyst
7.76,ECE,23.13,2024,Google,Data_Science
9.62,BT,23.93,2024,Infosys,SDE
7.6,IT,34.41,2023,Wipro,QA_Engineer
7.04,IT,7.7,2024,Wipro,Business_Analyst
7.4,ME,13.83,2025,Flipkart,DevOps
9.83,CSE,25.73,2023,Paytm,Business_Analyst
6.72,IT,26.91,2024,Microsoft,Data_Science
5.99,CSE,4.96,2025,Wipro,DevOps
7.35,IT,35.46,2025,Adobe,Product_Manager
5.23,EEE,8.49,2023,Wipro,SDE
9.04,BT,3.48,2025,Microsoft,Product_Manager
5.8,CSE,3.52,2025,IBM,QA_Engineer
7.36,CSE,20.05,2025,Wipro,Product_Manager
8.63,ECE,37.49,2024,Google,UI/UX
8.96,ECE,29.96,2025,Flipkart,QA_Engineer
5.05,ME,25.66,2023,Amazon,SDE
9.22,BT,10.39,2023,Microsoft,Business_Analyst
7.08,ME,3.4,2024,IBM,Data_Science
7.85,EEE,24.15,2024,Wipro,DevOps
5.48,IT,31.03,2024,Wipro,Product_Manager
7.57,ECE,30.0,2023,IBM,Business_Analyst
8.63,ECE,27.66,2025,IBM,Product_Manager
6.59,CE,36.67,2023,Paytm,SDE
8.97,CE,10.96,2024,Wipro,QA_Engineer
9.27,ME,33.95,2023,IBM,DevOps
7.14,BT,32.32,2025,Microsoft,QA_Engineer
6.91,EEE,14.56,2023,Microsoft,UI/UX
7.82,EEE,16.09,2024,Google,SDE
8.81,ECE,20.32,2024,Infosys,DevOps
8.89,EEE,32.9,2025,Adobe,Business_Analyst
7.75,ECE,14.13,2023,Wipro,DevOps
9.62,IT,21.72,2025,Flipkart,Data_Science
7.91,BT,34.92,2024,Flipkart,DevOps
9.77,ME,21.76,2025,Adobe,DevOps
9.92,ECE,19.07,2023,Microsoft,SDE
9.82,CSE,25.2,2024,Amazon,SDE
6.81,ME,37.83,2023,IBM,Data_Science
8.98,ECE,3.13,2024,Flipkart,Business_Analyst
7.46,BT,22.53,2025,Adobe,DevOps
6.71,EEE,25.17,2025,Adobe,UI/UX
9.79,BT,22.52,2024,Wipro,DevOps
6.09,CE,28.91,2024,TCS,QA_Engineer
5.57,BT,10.29,2024,Amazon,QA_Engineer
6.61,CE,29.55,2023,TCS,Business_Analyst
8.34,CSE,3.37,2024,TCS,Business_Analyst
7.19,CE,3.77,2023,Adobe,DevOps
7.32,ME,8.26,2025,Microsoft,Business_Analyst
6.57,ME,29.23,2024,Infosys,DevOps
6.81,ECE,29.17,2025,Adobe,QA_Engineer
9.86,IT,13.98,2024,Microsoft,UI/UX
6.65,CSE,15.15,2025,Amazon,UI/UX
7.52,IT,38.4,2023,Flipkart,Data_Science
9.69,IT,24.92,2024,TCS,Business_Analyst
7.19,ECE,30.7,2025,TCS,SDE
5.44,CSE,11.32,2024,Flipkart,Product_Manager
5.83,CE,31.96,2023,TCS,QA_Engineer
8.0,ECE,37.31,2024,Google,QA_Engineer
7.48,IT,3.1,2025,IBM,Data_Science
6.34,CE,32.0,2025,Paytm,SDE
5.15,ME,25.77,2024,TCS,Data_Science
8.79,ME,38.56,2025,IBM,Product_Manager
8.59,BT,29.15,2023,Flipkart,Data_Science
5.0,ECE,24.81,2023,IBM,UI/UX
8.06,CSE,16.71,2024,Infosys,Data_Science
7.92,IT,8.47,2025,Google,Business_Analyst
6.32,BT,22.27,2024,Paytm,QA_Engineer
6.34,IT,32.36,2023,Flipkart,UI/UX
5.27,ECE,5.42,2024,Flipkart,DevOps
8.19,CE,4.31,2025,Paytm,Data_Science
9.34,CE,22.01,2024,Wipro,Data_Science
8.15,BT,39.91,2024,Infosys,Data_Science
5.22,EEE,6.94,2024,Infosys,Product_Manager
6.26,BT,34.31,2023,Infosys,Product_Manager
6.28,BT,35.15,2023,Infosys,DevOps
7.43,IT,22.29,2024,Google,Product_Manager
5.24,ME,10.07,2023,Adobe,Product_Manager
8.84,CSE,25.77,2023,Microsoft,Business_Analyst
9.43,CSE,23.14,2024,Microsoft,QA_Engineer
5.67,CE,25.42,2024,Paytm,Business_Analyst
6.07,IT,21.09,2023,Google,DevOps
9.37,CSE,18.62,2024,TCS,Product_Manager
8.4,CE,6.48,2025,Infosys,Product_Manager
9.51,CE,39.5,2024,IBM,Product_Manager
5.21,ECE,32.17,2024,Flipkart,DevOps
5.29,ME,39.02,2023,Adobe,SDE
9.51,CE,15.31,2023,Flipkart,DevOps
8.22,ME,20.7,2024,Infosys,UI/UX
5.84,IT,19.74,2025,Flipkart,Product_Manager
6.25,BT,17.96,2023,TCS,Business_Analyst
7.19,CE,19.06,2023,Infosys,Business_Analyst
8.01,IT,17.9,2023,Microsoft,Data_Science
7.19,IT,26.39,2023,Flipkart,UI/UX
9.99,EEE,30.81,2023,Paytm,Data_Science
8.7,CE,25.35,2025,Paytm,Product_Manager
5.93,CSE,5.46,2024,Adobe,DevOps
7.56,CE,38.48,2024,Infosys,UI/UX
5.89,ME,20.98,2023,IBM,Product_Manager
9.62,BT,14.12,2024,Amazon,SDE
6.17,CE,26.54,2025,Infosys,QA_Engineer
9.86,EEE,6.27,2025,IBM,UI/UX
7.97,BT,9.16,2024,IBM,Data_Science
9.71,CE,39.06,2023,Google,UI/UX
9.6,EEE,22.33,2025,Adobe,Data_Science
6.47,CSE,33.08,2023,Google,Data_Science
9.21,EEE,35.26,2025,Google,Data_Science
7.57,CSE,5.5,2025,Adobe,SDE
9.1,CE,33.95,2023,Google,DevOps
7.49,EEE,30.94,2024,Paytm,SDE
6.56,ECE,5.49,2023,Wipro,QA_Engineer
6.58,CSE,29.11,2024,Amazon,Business_Analyst
8.6,ECE,8.34,2023,Flipkart,Product_Manager
7.18,IT,5.5,2025,Paytm,Product_Manager
8.6,ME,28.65,2023,Wipro,SDE
5.82,ECE,25.24,2025,Paytm,Data_Science
6.29,CSE,37.13,2025,Adobe,Data_Science
5.78,EEE,6.75,2025,Paytm,DevOps
5.91,EEE,17.53,2025,Infosys,Data_Science
8.74,IT,9.36,2024,TCS,UI/UX
8.45,ME,3.32,2023,Paytm,QA_Engineer
5.19,CSE,3.94,2024,Infosys,SDE
9.5,CE,22.11,2025,Wipro,Product_Manager
7.12,ECE,39.66,2024,Paytm,UI/UX
6.81,ME,24.15,2023,Flipkart,Product_Manager
8.95,BT,24.02,2025,Infosys,QA_Engineer
5.94,BT,21.84,2023,Amazon,SDE
6.17,EEE,16.28,2025,IBM,Product_Manager
5.85,ME,8.38,2024,Wipro,DevOps
7.84,CSE,18.37,2024,Amazon,Business_Analyst
6.67,CSE,28.43,2023,TCS,DevOps
5.8,ME,39.3,2023,Infosys,Data_Science
9.58,ME,16.93,2024,Wipro,DevOps
5.22,EEE,4.55,2024,Infosys,QA_Engineer
5.09,EEE,34.49,2023,Microsoft,Data_Science
9.25,BT,31.47,2024,Adobe,SDE
8.12,CE,24.17,2023,TCS,Business_Analyst
9.1,BT,28.2,2024,TCS,DevOps
8.19,CSE,38.3,2024,Google,DevOps
9.08,CSE,34.62,2023,Flipkart,QA_Engineer
7.37,IT,22.83,2025,TCS,DevOps
6.54,EEE,33.92,2024,Adobe,UI/UX
6.33,IT,7.48,2024,Wipro,Business_Analyst
8.4,ME,34.68,2025,Google,UI/UX
6.4,EEE,16.11,2025,Paytm,SDE
8.16,BT,18.27,2025,Amazon,DevOps
6.19,IT,28.44,2023,Amazon,Business_Analyst
9.98,ECE,16.62,2025,Infosys,Data_Science
8.57,CSE,7.48,2024,Infosys,Data_Science
6.58,ECE,4.61,2025,Adobe,Data_Science
8.36,EEE,32.99,2023,Wipro,DevOps
7.63,BT,39.49,2025,IBM,Data_Science
8.9,EEE,23.12,2023,TCS,UI/UX
9.11,EEE,15.28,2023,Paytm,Data_Science
5.57,EEE,14.51,2025,Microsoft,Data_Science
9.45,EEE,22.21,2025,Wipro,Business_Analyst
5.58,EEE,3.11,2023,Adobe,Data_Science
6.73,ECE,14.06,2024,Infosys,Product_Manager
7.31,CSE,23.71,2023,Google,QA_Engineer
6.47,IT,18.11,2023,Amazon,UI/UX
8.69,BT,35.23,2024,Paytm,Product_Manager
7.85,BT,11.33,2025,Microsoft,QA_Engineer
5.17,CE,26.88,2024,Paytm,QA_Engineer
5.75,EEE,31.78,2024,TCS,UI/UX
8.07,ECE,20.25,2024,Adobe,Business_Analyst
9.21,BT,37.55,2023,IBM,QA_Engineer
6.95,ECE,17.22,2023,TCS,Data_Science
7.55,IT,34.7,2023,Flipkart,QA_Engineer
8.95,EEE,14.53,2023,Amazon,Product_Manager
5.81,ME,18.82,2023,Adobe,Business_Analyst
7.62,ECE,15.6,2023,Microsoft,UI/UX
6.79,IT,11.06,2025,Flipkart,UI/UX
9.11,BT,14.35,2023,Flipkart,UI/UX
8.71,ME,35.87,2023,TCS,DevOps
6.31,CSE,23.24,2025,Amazon,QA_Engineer
5.09,CSE,15.75,2024,Google,Product_Manager
8.13,ME,29.46,2023,Google,DevOps
7.13,BT,32.47,2024,IBM,DevOps
7.77,CSE,14.04,2025,TCS,Data_Science
6.63,ME,12.74,2023,Wipro,Data_Science
5.96,ECE,33.64,2024,Infosys,UI/UX
9.82,EEE,34.47,2024,Infosys,Business_Analyst
9.36,IT,27.03,2024,Microsoft,Product_Manager
6.44,BT,5.32,2025,Google,Business_Analyst
9.17,ME,34.11,2025,TCS,DevOps
6.62,CSE,17.12,2023,Google,QA_Engineer
5.47,IT,22.1,2025,Wipro,DevOps
5.63,IT,5.3,2024,Paytm,DevOps
9.89,ECE,12.16,2024,Adobe,Data_Science
8.47,IT,14.47,2024,IBM,Data_Science
8.16,BT,30.59,2023,Flipkart,Business_Analyst
8.25,IT,23.3,2025,IBM,Product_Manager
6.56,BT,8.25,2023,IBM,Business_Analyst
5.76,ECE,37.69,2023,IBM,QA_Engineer
9.89,BT,37.39,2025,Google,SDE
5.07,EEE,33.63,2024,Wipro,Business_Analyst
7.73,ECE,17.42,2025,Infosys,UI/UX
7.36,EEE,21.11,2023,IBM,DevOps
9.6,IT,37.05,2024,IBM,Product_Manager
5.95,IT,23.68,2024,Wipro,UI/UX
5.79,ECE,6.32,2024,Flipkart,Data_Science
7.77,CSE,20.43,2023,Adobe,Data_Science
5.61,EEE,13.1,2024,Google,Product_Manager
8.06,IT,34.39,2025,IBM,DevOps
8.75,BT,22.77,2023,Paytm,Product_Manager
9.43,EEE,32.68,2025,Infosys,Data_Science
7.66,ECE,39.89,2024,Google,Data_Science
8.82,BT,14.55,2025,Flipkart,UI/UX
7.74,IT,34.97,2024,Flipkart,QA_Engineer
8.3,EEE,12.03,2025,TCS,UI/UX
7.67,ECE,28.91,2024,Microsoft,DevOps
7.38,EEE,10.46,2024,Microsoft,Data_Science
6.59,CE,37.74,2025,Wipro,QA_Engineer
5.24,BT,7.85,2023,IBM,Business_Analyst
7.2,BT,36.11,2023,Adobe,UI/UX
6.66,CE,37.61,2025,IBM,DevOps
7.58,IT,28.11,2023,Flipkart,UI/UX
6.67,CSE,21.05,2025,Paytm,Product_Manager
9.22,BT,27.41,2024,Microsoft,QA_Engineer
7.6,CSE,31.35,2025,Adobe,SDE
8.88,ME,19.17,2024,Infosys,QA_Engineer
9.96,CSE,38.22,2025,Flipkart,Data_Science
5.93,CE,15.74,2023,IBM,DevOps
8.26,CSE,10.92,2023,IBM,Business_Analyst
7.12,IT,38.61,2024,Flipkart,Business_Analyst
5.25,CSE,26.18,2024,Flipkart,Business_Analyst
9.24,IT,15.4,2025,Amazon,SDE
6.74,CSE,18.45,2025,IBM,UI/UX
9.29,BT,15.29,2023,Wipro,UI/UX
9.08,ME,11.38,2024,IBM,DevOps
8.79,EEE,25.43,2025,IBM,DevOps
7.99,CE,39.46,2025,Microsoft,SDE
7.05,IT,14.76,2025,Microsoft,QA_Engineer
5.69,CE,21.55,2024,Flipkart,Business_Analyst
7.95,EEE,22.94,2025,Infosys,Data_Science
7.64,ME,18.67,2025,Wipro,Data_Science
8.2,EEE,21.44,2024,IBM,SDE
8.98,ME,11.01,2025,Infosys,UI/UX
9.19,EEE,23.33,2024,Google,QA_Engineer
7.43,BT,30.88,2025,Infosys,SDE
8.23,EEE,4.89,2024,Adobe,UI/UX
5.45,CSE,29.48,2025,Google,UI/UX
8.83,ME,29.48,2024,Flipkart,Data_Science
6.02,CE,27.53,2023,Microsoft,QA_Engineer
8.79,EEE,27.63,2023,Infosys,Product_Manager
8.33,EEE,27.44,2024,Wipro,QA_Engineer
8.2,IT,7.7,2025,IBM,QA_Engineer
7.23,CE,13.36,2025,Infosys,Product_Manager
6.85,CSE,18.86,2023,TCS,SDE
8.79,ECE,38.71,2023,Google,Business_Analyst
5.9,BT,22.82,2024,Adobe,Data_Science
8.2,EEE,32.78,2024,IBM,Business_Analyst
7.06,EEE,13.4,2024,IBM,SDE
7.36,ECE,36.99,2023,Infosys,UI/UX
9.89,IT,5.05,2023,TCS,UI/UX
8.48,ME,39.0,2024,Google,Product_Manager
9.98,IT,16.84,2023,Flipkart,UI/UX
9.1,CSE,10.45,2024,IBM,SDE
7.51,ECE,13.95,2023,Google,SDE
7.6,CE,24.4,2025,TCS,DevOps
7.24,ME,19.69,2023,Wipro,Product_Manager
6.93,CE,21.52,2023,Google,Business_Analyst
9.68,EEE,15.1,2024,Adobe,UI/UX
9.21,ECE,10.99,2023,Google,DevOps
5.29,CSE,19.14,2024,IBM,Product_Manager
7.11,IT,20.87,2024,Flipkart,UI/UX
7.7,IT,12.83,2024,Amazon,QA_Engineer
8.96,ECE,28.81,2025,IBM,Business_Analyst
8.15,EEE,31.79,2025,Google,Data_Science
7.92,IT,11.88,2023,Microsoft,SDE
8.97,BT,4.46,2023,Paytm,Business_Analyst
7.74,ME,27.93,2023,Flipkart,DevOps
8.47,CE,27.56,2024,Paytm,DevOps
8.73,IT,35.91,2025,Infosys,UI/UX
7.02,ME,16.21,2024,Infosys,SDE
7.8,IT,38.74,2025,Microsoft,UI/UX
6.27,ME,23.96,2023,Paytm,UI/UX
7.11,CE,15.91,2024,Adobe,SDE
8.48,IT,27.07,2023,Flipkart,Product_Manager
8.0,EEE,33.64,2023,Microsoft,Data_Science
9.86,IT,3.67,2024,Adobe,SDE
9.11,BT,35.81,2023,Wipro,Data_Science
9.1,ECE,21.06,2025,Microsoft,SDE
5.39,ECE,34.85,2023,Flipkart,Data_Science
7.65,IT,34.53,2024,IBM,DevOps
9.89,ME,4.72,2023,Infosys,Product_Manager
7.69,CE,8.88,2023,Adobe,Data_Science
9.17,ME,30.27,2025,TCS,UI/UX
6.8,IT,22.21,2025,Wipro,Data_Science
5.96,IT,7.55,2023,Infosys,DevOps
8.71,EEE,34.07,2024,TCS,Business_Analyst
7.69,CE,27.52,2024,Adobe,Data_Science
8.19,IT,35.73,2025,Microsoft,Business_Analyst
8.51,EEE,16.9,2025,Microsoft,Product_Manager
8.59,ME,4.56,2023,Flipkart,DevOps
8.99,BT,15.82,2024,Amazon,Business_Analyst
9.37,CSE,34.75,2024,TCS,DevOps
8.68,ME,18.81,2024,TCS,QA_Engineer
9.97,BT,31.94,2025,Infosys,DevOps
7.48,EEE,19.41,2024,Wipro,SDE
5.12,BT,24.41,2024,Adobe,QA_Engineer
6.02,EEE,11.46,2024,Wipro,UI/UX
9.22,IT,13.28,2024,Infosys,SDE
9.2,IT,19.05,2025,TCS,QA_Engineer
5.8,CSE,38.74,2025,Adobe,Data_Science
7.67,EEE,4.53,2025,Amazon,Business_Analyst
5.92,BT,39.0,2023,TCS,Data_Science
7.62,EEE,21.85,2025,TCS,Product_Manager
9.11,EEE,5.12,2023,Amazon,DevOps
8.31,ME,12.21,2024,Microsoft,Data_Science
5.91,ECE,20.4,2023,Wipro,SDE
8.47,ECE,29.78,2024,Infosys,DevOps
7.73,BT,10.32,2024,Infosys,UI/UX
5.72,IT,14.98,2025,Paytm,Data_Science
8.91,CE,18.96,2025,Wipro,Data_Science
6.83,EEE,8.27,2024,Flipkart,Business_Analyst
8.22,BT,8.1,2023,Adobe,Business_Analyst
7.33,EEE,20.78,2025,TCS,Data_Science
5.21,CSE,32.04,2024,IBM,UI/UX
7.23,CE,15.73,2023,Google,Product_Manager
7.66,CSE,36.4,2025,Google,UI/UX
9.04,EEE,35.3,2023,Paytm,SDE
6.14,CSE,25.47,2025,Paytm,Business_Analyst
7.12,ME,9.51,2023,Infosys,Data_Science
6.16,CE,18.91,2023,IBM,UI/UX
9.91,EEE,11.18,2025,Google,QA_Engineer
9.31,IT,34.6,2024,Flipkart,QA_Engineer
6.18,CE,13.23,2023,Adobe,Product_Manager
9.07,EEE,6.56,2023,Amazon,DevOps
8.97,CE,27.55,2023,Infosys,UI/UX
8.74,ME,11.55,2024,Amazon,DevOps
9.6,ECE,15.21,2025,Infosys,UI/UX
7.49,BT,25.16,2025,Google,DevOps
9.15,CE,38.58,2023,IBM,QA_Engineer
8.8,ECE,22.45,2023,Wipro,Business_Analyst
7.7,EEE,27.98,2023,Paytm,SDE
6.69,IT,18.67,2025,Flipkart,Business_Analyst
5.23,CSE,35.27,2025,Paytm,QA_Engineer
9.86,BT,7.5,2025,Flipkart,UI/UX
8.63,IT,32.18,2023,Google,UI/UX
6.53,CSE,39.12,2023,Google,QA_Engineer
8.03,ME,18.48,2024,Adobe,Product_Manager
8.2,BT,26.25,2023,Amazon,UI/UX
8.7,ECE,34.21,2025,Adobe,DevOps
9.07,CSE,3.56,2024,Google,Data_Science
6.53,CE,27.46,2023,Wipro,QA_Engineer
7.34,IT,28.33,2023,IBM,SDE
9.45,CSE,39.51,2025,IBM,SDE
6.32,BT,39.47,2023,Infosys,Business_Analyst
9.31,CE,5.16,2023,IBM,QA_Engineer
7.01,BT,36.71,2025,Microsoft,Product_Manager
8.92,CE,4.33,2023,Amazon,Business_Analyst
6.92,BT,30.79,2025,Google,Product_Manager
6.86,EEE,24.75,2024,Infosys,QA_Engineer
6.66,IT,14.22,2024,TCS,Product_Manager
7.39,EEE,37.13,2025,Amazon,SDE
5.11,ME,26.23,2024,Paytm,DevOps
7.29,IT,9.07,2023,Adobe,SDE
9.23,ME,27.73,2024,Flipkart,QA_Engineer
9.79,BT,9.14,2024,Paytm,Product_Manager
7.73,CE,22.73,2024,Infosys,QA_Engineer
9.74,EEE,31.21,2025,Flipkart,QA_Engineer
6.05,BT,20.51,2025,Paytm,QA_Engineer
7.46,ECE,12.14,2024,Paytm,DevOps
8.47,CE,3.01,2025,Infosys,Business_Analyst
8.52,CE,38.46,2025,TCS,QA_Engineer
5.82,IT,13.49,2024,Infosys,UI/UX
8.47,IT,19.03,2025,Paytm,UI/UX
8.2,IT,28.31,2024,IBM,SDE
9.76,CSE,6.74,2025,Adobe,Data_Science
8.09,EEE,39.52,2025,Flipkart,Data_Science
6.49,ME,24.82,2024,Google,QA_Engineer
9.9,ECE,6.08,2023,Flipkart,QA_Engineer
8.03,ECE,34.5,2023,Infosys,Data_Science
8.69,ME,20.79,2023,Infosys,Data_Science
6.54,CE,23.75,2023,Flipkart,Business_Analyst
7.42,BT,18.09,2025,Flipkart,Product_Manager
6.44,BT,10.95,2023,Flipkart,Business_Analyst
7.41,ME,7.31,2023,IBM,Data_Science
8.08,ME,17.24,2024,Amazon,Data_Science
6.93,EEE,26.29,2024,Microsoft,Business_Analyst
7.74,ME,20.85,2023,Paytm,SDE
7.42,ECE,15.67,2023,Adobe,Business_Analyst
9.69,ECE,11.91,2025,Flipkart,Business_Analyst
8.87,CE,15.66,2025,Infosys,QA_Engineer
8.9,IT,18.96,2023,Infosys,Data_Science
6.03,IT,9.8,2023,Flipkart,Product_Manager
7.91,ME,39.99,2023,Microsoft,Data_Science
9.33,ME,38.74,2025,Wipro,Business_Analyst
6.73,CSE,20.27,2025,Flipkart,UI/UX
5.11,ECE,37.39,2025,Microsoft,DevOps
5.85,IT,27.7,2025,IBM,QA_Engineer
8.08,ECE,8.69,2024,Amazon,SDE
5.55,BT,38.17,2023,Paytm,UI/UX
5.35,IT,21.82,2024,Infosys,DevOps
6.17,BT,28.23,2023,Google,QA_Engineer
7.19,ME,13.09,2024,Microsoft,DevOps
5.65,ECE,39.3,2023,Google,SDE
5.89,ECE,23.38,2025,IBM,DevOps
9.89,CSE,17.4,2024,IBM,Product_Manager
9.0,IT,23.44,2024,Google,UI/UX
7.29,ECE,32.05,2025,Google,SDE
5.21,CE,19.87,2023,Amazon,QA_Engineer
7.01,BT,35.91,2023,Paytm,Business_Analyst
7.25,CE,32.09,2025,Paytm,QA_Engineer
5.18,CSE,18.56,2023,IBM,Data_Science
7.58,IT,20.83,2025,IBM,QA_Engineer
6.52,CE,22.97,2025,Google,UI/UX
9.31,CE,5.92,2025,Infosys,DevOps
7.91,CE,35.48,2024,Amazon,UI/UX
6.04,BT,12.43,2023,Amazon,UI/UX
6.47,EEE,32.93,2023,TCS,DevOps
6.07,EEE,8.3,2025,Infosys,SDE
7.76,ME,16.19,2023,Adobe,QA_Engineer
5.38,EEE,31.82,2025,Amazon,QA_Engineer
7.57,CE,31.89,2024,TCS,UI/UX
5.98,BT,38.71,2025,Flipkart,UI/UX
8.11,ECE,8.34,2023,Paytm,UI/UX
7.52,BT,35.86,2024,Wipro,Product_Manager
6.99,EEE,15.75,2024,Paytm,UI/UX
5.93,BT,36.14,2024,Wipro,SDE
6.5,CSE,32.92,2023,Amazon,Business_Analyst
8.28,ME,28.56,2023,TCS,QA_Engineer
6.46,ECE,10.85,2024,Paytm,UI/UX
6.0,ME,16.43,2025,Amazon,Product_Manager
5.4,CE,17.15,2025,Flipkart,SDE
6.5,ECE,13.52,2024,IBM,Business_Analyst
7.83,CSE,17.83,2023,Flipkart,QA_Engineer
5.75,CSE,21.28,2023,Adobe,SDE
6.97,CSE,16.85,2024,Paytm,Business_Analyst
8.43,BT,39.84,2024,Adobe,QA_Engineer
5.75,ME,30.59,2024,Google,Data_Science
5.19,ME,31.67,2024,Google,Data_Science
8.06,IT,30.61,2025,IBM,Business_Analyst
5.04,CE,26.9,2024,TCS,QA_Engineer
7.9,BT,8.05,2023,IBM,DevOps
5.88,CE,30.76,2025,Google,Product_Manager
8.94,EEE,35.33,2023,IBM,DevOps
5.23,CE,22.5,2024,Google,SDE
9.15,EEE,14.0,2024,Paytm,DevOps
6.77,CE,24.88,2025,Paytm,QA_Engineer
7.17,EEE,27.24,2025,Flipkart,Product_Manager
8.03,ECE,18.58,2025,Amazon,Product_Manager
9.99,CSE,31.38,2025,Adobe,SDE
7.27,BT,9.67,2023,IBM,Product_Manager
8.38,CE,30.07,2024,Wipro,QA_Engineer
8.17,CE,6.0,2024,Infosys,QA_Engineer
8.04,BT,29.41,2024,Wipro,DevOps
5.2,BT,9.72,2024,Wipro,Business_Analyst
9.51,ME,35.18,2023,Google,SDE
9.39,CSE,6.15,2024,Adobe,Business_Analyst
6.59,EEE,32.94,2025,Google,DevOps
6.79,CSE,3.54,2023,TCS,UI/UX
6.77,ME,31.49,2024,Infosys,QA_Engineer
6.38,CE,22.75,2023,Microsoft,QA_Engineer
7.36,CSE,25.68,2025,Amazon,Business_Analyst
9.54,CSE,24.54,2023,Infosys,SDE
8.75,ME,37.66,2024,Microsoft,UI/UX
7.96,ECE,16.18,2023,Infosys,Business_Analyst
6.4,CSE,37.53,2025,Adobe,Business_Analyst
8.99,ME,39.63,2023,Infosys,UI/UX
5.96,ECE,26.28,2025,Google,SDE
9.68,BT,37.64,2023,Paytm,Product_Manager
7.47,CSE,5.18,2025,IBM,Data_Science
8.16,CE,37.09,2024,Flipkart,QA_Engineer
6.73,EEE,37.52,2023,IBM,QA_Engineer
6.66,BT,27.5,2025,Flipkart,Business_Analyst
5.72,ME,27.07,2023,TCS,Business_Analyst
7.21,CSE,30.19,2024,Infosys,SDE
9.76,ECE,19.52,2025,Flipkart,Product_Manager
9.96,IT,26.87,2024,Microsoft,Data_Science
8.22,IT,31.46,2023,Flipkart,DevOps
7.76,ECE,34.75,2024,Adobe,Business_Analyst
9.27,CSE,36.97,2024,Wipro,QA_Engineer
6.03,ME,33.73,2023,Google,DevOps
9.57,CSE,18.05,2024,Flipkart,QA_Engineer
8.57,BT,11.39,2024,Adobe,DevOps
8.35,ECE,6.0,2024,Flipkart,UI/UX
9.83,ECE,23.09,2023,Google,SDE
5.33,EEE,26.9,2024,Amazon,DevOps
9.18,EEE,8.73,2024,Amazon,Business_Analyst
6.98,ME,21.78,2024,Amazon,DevOps
8.57,EEE,30.12,2025,TCS,DevOps
5.01,BT,14.68,2024,Flipkart,QA_Engineer
5.51,EEE,16.97,2023,Infosys,DevOps
5.63,ECE,9.53,2025,TCS,Data_Science
8.81,IT,17.55,2025,Adobe,QA_Engineer
7.24,CSE,30.16,2025,Amazon,QA_Engineer
8.35,EEE,34.78,2023,Adobe,UI/UX
8.74,BT,12.26,2025,Paytm,Data_Science
8.16,BT,6.34,2025,Wipro,DevOps
5.57,ME,8.25,2024,Microsoft,UI/UX
8.51,EEE,36.95,2024,Google,SDE
6.19,EEE,23.3,2025,Google,Data_Science
5.71,BT,5.77,2023,IBM,Data_Science
7.77,CSE,27.59,2024,TCS,QA_Engineer
9.5,EEE,32.45,2024,Amazon,Business_Analyst
6.81,ECE,5.81,2023,Paytm,Business_Analyst
6.94,CSE,13.94,2024,IBM,UI/UX
5.34,CSE,3.05,2025,Paytm,Data_Science
5.9,CSE,34.96,2023,Amazon,Data_Science
5.42,BT,24.76,2025,IBM,UI/UX
7.42,CE,14.8,2023,Adobe,Data_Science
5.85,CE,29.69,2024,TCS,UI/UX
8.34,IT,24.09,2025,Amazon,Data_Science
7.08,EEE,26.23,2024,Flipkart,Data_Science
5.22,BT,35.03,2024,Google,QA_Engineer
8.85,BT,36.54,2023,Flipkart,Data_Science
5.01,BT,17.69,2025,Microsoft,Product_Manager
8.76,CSE,29.91,2024,Adobe,QA_Engineer
5.39,EEE,24.83,2023,Adobe,UI/UX
6.83,CSE,29.82,2024,Wipro,Product_Manager
9.57,BT,23.31,2023,TCS,UI/UX
7.36,CSE,16.45,2023,Google,QA_Engineer
6.12,CE,25.14,2025,Paytm,DevOps
6.2,ME,23.07,2024,Wipro,Business_Analyst
5.0,IT,30.51,2024,Adobe,UI/UX
5.49,EEE,11.5,2024,TCS,Business_Analyst
7.26,BT,3.16,2025,Amazon,QA_Engineer
5.57,BT,6.42,2025,Amazon,QA_Engineer
6.12,CE,23.01,2023,Wipro,QA_Engineer
9.25,IT,15.41,2024,Paytm,DevOps
7.84,EEE,20.35,2024,Google,DevOps
5.82,ME,35.11,2023,Paytm,SDE
8.14,CE,10.17,2023,Flipkart,QA_Engineer
9.78,IT,39.36,2024,Wipro,UI/UX
5.27,EEE,25.03,2025,Amazon,Product_Manager
9.19,ECE,38.43,2023,Wipro,SDE
5.38,CE,3.43,2024,TCS,Product_Manager
8.08,ME,15.68,2023,TCS,Data_Science
9.25,ECE,22.73,2025,Amazon,Product_Manager
5.66,ECE,37.42,2025,Amazon,DevOps
8.84,IT,27.87,2024,TCS,DevOps
9.62,ECE,27.94,2023,Flipkart,DevOps
5.52,CSE,4.18,2024,Wipro,SDE
5.72,IT,30.4,2025,Infosys,Product_Manager
9.08,ECE,33.02,2025,TCS,Business_Analyst
6.37,ECE,36.33,2024,Paytm,Data_Science
5.56,EEE,14.51,2024,Adobe,QA_Engineer
6.12,CE,7.31,2024,Infosys,Data_Science
6.45,BT,15.26,2024,Infosys,Product_Manager
7.12,IT,33.71,2023,Wipro,Data_Science
5.58,BT,22.84,2024,IBM,Business_Analyst
8.98,CE,5.1,2025,Microsoft,Product_Manager
7.68,BT,10.26,2023,Amazon,UI/UX
9.86,IT,23.04,2025,Microsoft,Data_Science
5.47,CE,13.44,2023,Infosys,QA_Engineer
8.04,IT,24.68,2024,Adobe,SDE
9.28,CE,6.17,2023,Flipkart,Product_Manager
9.93,CE,34.52,2025,Infosys,SDE
6.66,CSE,29.8,2024,Google,Business_Analyst
8.34,CE,9.07,2025,Google,DevOps
5.24,ECE,26.33,2025,IBM,QA_Engineer
5.8,CE,31.25,2023,Infosys,Product_Manager
6.92,EEE,22.95,2023,Flipkart,Data_Science
9.49,EEE,30.44,2025,Flipkart,UI/UX
7.32,ECE,27.37,2024,Adobe,Product_Manager
7.3,ECE,8.51,2025,Wipro,Business_Analyst
9.65,IT,29.31,2024,Microsoft,SDE
8.72,CSE,7.74,2024,Microsoft,Product_Manager
5.86,EEE,14.82,2025,Wipro,Business_Analyst
7.61,ME,16.65,2025,Google,UI/UX
6.42,ME,22.87,2023,TCS,QA_Engineer
9.73,CE,25.58,2025,TCS,UI/UX
9.71,EEE,6.48,2025,Flipkart,UI/UX
6.12,EEE,33.86,2025,IBM,QA_Engineer
8.73,IT,6.16,2023,Adobe,DevOps
9.85,CE,23.79,2025,Microsoft,QA_Engineer
5.8,CSE,37.15,2023,Wipro,Business_Analyst
9.59,ME,15.26,2024,TCS,Data_Science
6.22,EEE,26.86,2023,IBM,QA_Engineer
5.11,CE,24.24,2023,Google,Data_Science
7.7,BT,30.68,2025,Google,QA_Engineer
8.2,CSE,21.21,2023,IBM,Data_Science
8.12,ME,15.12,2023,Flipkart,QA_Engineer
8.93,ME,5.52,2024,Google,DevOps
8.14,IT,6.35,2025,Paytm,Product_Manager
8.29,ME,16.34,2025,Infosys,UI/UX
7.98,ME,22.01,2025,Google,Business_Analyst
5.84,ECE,25.47,2024,TCS,DevOps
9.61,IT,13.48,2023,Adobe,Product_Manager
7.11,BT,7.82,2023,Amazon,DevOps
5.35,EEE,12.41,2023,Microsoft,QA_Engineer
7.68,EEE,21.36,2025,Adobe,UI/UX
9.62,IT,27.23,2024,Microsoft,SDE
8.35,CSE,24.43,2025,Wipro,DevOps
5.22,CE,30.79,2023,Paytm,QA_Engineer
5.02,BT,38.0,2025,Amazon,Product_Manager
7.29,CSE,11.45,2024,Wipro,SDE
5.76,ECE,5.51,2025,Microsoft,QA_Engineer
6.69,ECE,38.79,2023,Flipkart,DevOps
7.3,ECE,11.81,2025,TCS,QA_Engineer
9.26,EEE,28.63,2024,IBM,SDE
7.1,CE,4.09,2024,TCS,DevOps
6.65,CE,9.66,2024,TCS,Business_Analyst
9.8,CSE,28.46,2024,Google,DevOps
7.17,ME,10.14,2025,IBM,UI/UX
9.46,CE,20.4,2023,Adobe,Data_Science
8.76,BT,22.04,2025,Adobe,QA_Engineer
8.04,ECE,38.46,2024,Wipro,UI/UX
5.0,ME,3.47,2025,Flipkart,DevOps
5.42,EEE,32.22,2025,Adobe,Business_Analyst
9.74,CSE,39.17,2025,IBM,SDE
8.39,IT,34.12,2024,Flipkart,UI/UX
6.74,EEE,3.77,2025,Microsoft,SDE
6.26,CSE,34.5,2024,IBM,Product_Manager
6.45,ME,7.28,2023,Adobe,DevOps
9.11,IT,35.46,2023,Adobe,Business_Analyst
7.26,ECE,32.68,2024,Paytm,Business_Analyst
8.61,BT,17.47,2024,Adobe,DevOps
5.3,EEE,38.98,2024,Wipro,Business_Analyst
8.82,CE,27.41,2024,TCS,DevOps
7.75,IT,11.53,2023,IBM,Data_Science
5.41,ECE,21.25,2024,Microsoft,Data_Science
6.08,CE,10.55,2024,Paytm,Data_Science
6.14,EEE,17.27,2025,Flipkart,Data_Science
9.26,BT,9.97,2023,Wipro,Data_Science
8.61,ME,25.27,2023,IBM,Product_Manager
6.05,IT,3.27,2025,Infosys,UI/UX
6.51,BT,21.73,2024,Infosys,QA_Engineer
6.69,EEE,4.5,2023,Amazon,UI/UX
6.77,ME,17.28,2023,Google,Data_Science
7.27,ECE,10.43,2024,Paytm,QA_Engineer
6.01,ECE,36.18,2023,TCS,SDE
7.77,CE,10.3,2025,TCS,Business_Analyst
6.82,CE,31.63,2025,Adobe,UI/UX
5.58,ME,24.03,2025,Adobe,SDE
9.48,IT,24.81,2025,Amazon,Data_Science
5.51,CE,36.32,2023,Infosys,Business_Analyst
6.9,ECE,6.41,2023,Flipkart,SDE
7.86,BT,24.44,2025,TCS,DevOps
7.26,ECE,36.01,2024,Infosys,UI/UX
7.8,EEE,14.99,2024,TCS,UI/UX
9.7,EEE,33.43,2025,IBM,Data_Science
7.39,CSE,16.88,2024,Flipkart,Data_Science
9.74,CSE,34.57,2024,Google,QA_Engineer
5.47,EEE,37.49,2023,TCS,QA_Engineer
7.89,ECE,6.5,2025,Microsoft,SDE
6.78,IT,37.56,2023,Amazon,DevOps
9.46,ECE,17.59,2023,Adobe,DevOps
6.53,CE,8.48,2024,Google,Product_Manager
5.33,CE,14.37,2024,Infosys,DevOps
5.86,EEE,24.27,2023,Amazon,Data_Science
9.11,BT,35.9,2023,Infosys,QA_Engineer
8.58,BT,25.68,2025,Amazon,QA_Engineer
6.48,CE,36.55,2023,Amazon,QA_Engineer
9.87,BT,13.54,2025,Paytm,DevOps
7.62,CSE,26.08,2025,Amazon,UI/UX
6.98,CSE,35.76,2024,IBM,QA_Engineer
5.72,CSE,16.14,2024,Google,Product_Manager
8.03,ECE,3.96,2025,Google,QA_Engineer
9.63,ME,30.3,2024,Adobe,QA_Engineer
5.12,ECE,24.67,2024,Google,SDE
8.75,ME,39.81,2024,Amazon,UI/UX
6.59,ECE,28.35,2023,Wipro,UI/UX
9.3,ECE,8.54,2025,Infosys,QA_Engineer
7.8,ME,19.0,2024,Paytm,SDE
9.71,CSE,39.53,2023,IBM,Data_Science
6.44,CSE,30.57,2023,Adobe,UI/UX
7.51,EEE,24.25,2024,Infosys,QA_Engineer
9.38,EEE,22.82,2023,Amazon,Business_Analyst
8.33,IT,6.76,2025,Paytm,QA_Engineer
8.65,EEE,6.22,2024,Amazon,Product_Manager
7.06,EEE,16.19,2023,Microsoft,DevOps
9.97,ECE,16.01,2024,Paytm,Business_Analyst
6.96,CE,5.78,2025,IBM,Data_Science
8.69,BT,29.09,2024,Flipkart,DevOps
6.29,ME,37.15,2024,Paytm,Data_Science
7.45,BT,32.21,2024,TCS,DevOps
7.1,BT,38.17,2023,TCS,UI/UX
8.47,CE,26.39,2024,Microsoft,QA_Engineer
8.21,BT,36.35,2025,IBM,SDE
5.06,ECE,6.82,2023,IBM,Data_Science
5.28,IT,17.62,2023,Wipro,UI/UX
6.62,ME,6.53,2023,Infosys,DevOps
7.97,BT,38.44,2025,Paytm,Business_Analyst
5.27,BT,17.11,2024,Flipkart,Product_Manager
5.24,CSE,34.58,2025,TCS,QA_Engineer
5.67,CE,4.29,2024,Flipkart,UI/UX
6.13,CSE,4.22,2023,Flipkart,Business_Analyst
7.88,ECE,25.4,2024,IBM,SDE
9.31,EEE,30.69,2024,TCS,Business_Analyst
6.41,EEE,30.5,2025,TCS,Business_Analyst
9.01,ECE,24.85,2025,Microsoft,SDE
7.51,ECE,22.58,2023,Paytm,QA_Engineer
5.43,ME,17.21,2024,Infosys,SDE
9.23,IT,35.99,2024,Adobe,QA_Engineer
9.37,IT,26.58,2024,Microsoft,Product_Manager
5.58,BT,27.71,2023,Microsoft,UI/UX
6.58,CE,23.81,2025,IBM,Business_Analyst
6.56,IT,37.73,2023,TCS,QA_Engineer
8.82,CE,24.79,2025,Infosys,SDE
7.78,ECE,37.18,2023,Wipro,Business_Analyst
9.16,BT,8.68,2025,Flipkart,Product_Manager
7.14,IT,9.0,2025,Adobe,UI/UX
5.39,IT,18.95,2024,IBM,SDE
9.2,EEE,11.35,2025,Microsoft,Business_Analyst
7.81,ECE,5.99,2025,Adobe,SDE
9.42,ECE,20.26,2025,IBM,Data_Science
6.56,EEE,38.64,2023,Flipkart,Business_Analyst
6.22,ME,3.03,2025,Wipro,SDE
6.74,EEE,33.2,2024,TCS,SDE
7.56,CE,25.88,2023,Adobe,Business_Analyst
5.58,BT,20.42,2025,Wipro,Business_Analyst
8.25,BT,24.86,2024,Flipkart,Data_Science
7.94,CSE,8.32,2024,IBM,UI/UX
8.52,CSE,27.92,2023,Adobe,UI/UX
9.46,ME,20.09,2025,Microsoft,QA_Engineer
8.6,ME,5.76,2025,Microsoft,Data_Science
8.63,IT,6.04,2024,IBM,QA_Engineer
7.74,CSE,17.51,2025,Google,QA_Engineer
6.64,ME,32.78,2024,Microsoft,QA_Engineer
6.85,CE,13.32,2025,Paytm,SDE
8.41,EEE,17.56,2023,Wipro,Data_Science
9.52,CE,38.48,2025,IBM,DevOps
7.08,ECE,21.76,2024,IBM,Data_Science
9.08,ME,20.0,2024,Amazon,UI/UX
8.0,ECE,23.71,2025,Adobe,DevOps
6.56,CE,24.11,2025,Flipkart,Data_Science
6.8,ECE,37.85,2024,Microsoft,Business_Analyst
7.46,CSE,3.61,2024,Paytm,Product_Manager
8.28,ME,16.63,2025,Wipro,Business_Analyst
5.15,EEE,7.07,2025,Flipkart,UI/UX
8.49,CSE,36.85,2025,IBM,Product_Manager
9.59,CSE,38.51,2025,Flipkart,UI/UX
7.48,IT,31.2,2023,Flipkart,SDE
5.12,ECE,8.46,2025,Wipro,Product_Manager
9.81,ME,9.82,2025,Paytm,Data_Science
5.14,CE,15.11,2025,TCS,Product_Manager
6.74,BT,26.07,2025,Infosys,Data_Science
8.04,ECE,13.2,2025,Microsoft,QA_Engineer
6.68,IT,10.87,2024,Wipro,QA_Engineer
5.46,CE,36.75,2024,Infosys,Data_Science
9.84,EEE,24.4,2024,Google,Business_Analyst
8.48,ME,24.66,2023,TCS,DevOps
8.28,IT,34.62,2023,Wipro,UI/UX
7.21,BT,27.15,2024,Adobe,Data_Science
9.65,CE,32.71,2024,Google,UI/UX
7.36,IT,24.22,2024,Microsoft,Product_Manager
7.08,ME,10.99,2023,Infosys,DevOps
6.57,IT,10.81,2024,Paytm,Business_Analyst
6.37,CSE,13.15,2023,Infosys,UI/UX
5.91,EEE,16.39,2024,TCS,Data_Science
5.27,CE,10.4,2025,Google,Business_Analyst
6.45,BT,22.34,2024,Flipkart,Business_Analyst
7.67,EEE,17.12,2023,Wipro,SDE
6.55,ECE,13.98,2024,Adobe,SDE
7.27,CE,38.46,2025,Amazon,SDE
7.39,IT,21.0,2023,Infosys,QA_Engineer
9.07,EEE,31.09,2024,Amazon,UI/UX
6.22,IT,8.49,2025,Amazon,Data_Science
8.73,BT,26.53,2024,Paytm,DevOps
9.6,BT,24.8,2025,Wipro,Product_Manager
8.45,CSE,36.69,2023,Amazon,Product_Manager
8.68,CE,24.69,2023,Adobe,QA_Engineer
7.6,ME,6.14,2025,Amazon,QA_Engineer
5.26,IT,6.14,2025,Adobe,QA_Engineer
8.98,ME,23.51,2024,TCS,UI/UX
8.47,ME,12.08,2023,Amazon,Business_Analyst
8.11,CE,31.03,2023,IBM,QA_Engineer
6.07,EEE,11.09,2024,Infosys,UI/UX
7.26,EEE,5.45,2024,IBM,SDE
8.02,EEE,14.12,2025,Flipkart,Business_Analyst
6.96,ECE,22.65,2023,Adobe,SDE
7.52,CSE,5.21,2024,Google,Business_Analyst
9.73,IT,5.41,2025,Wipro,UI/UX
7.86,ECE,16.83,2025,Flipkart,Data_Science
9.91,BT,27.73,2023,Adobe,SDE
8.69,ME,6.54,2025,TCS,Product_Manager
7.25,ME,30.99,2024,TCS,DevOps
7.38,CSE,18.49,2023,Flipkart,Data_Science
8.73,BT,32.95,2024,IBM,DevOps
9.32,CE,16.59,2024,Infosys,QA_Engineer
5.83,ME,12.05,2024,TCS,DevOps
7.64,ECE,12.29,2025,Google,Business_Analyst
5.8,IT,3.8,2024,Wipro,UI/UX
5.26,CE,21.03,2023,Infosys,Data_Science
9.81,ME,20.05,2024,Google,UI/UX
9.68,IT,18.79,2023,Google,Data_Science
8.68,ME,15.87,2024,Adobe,SDE
7.01,BT,24.01,2024,Wipro,Product_Manager
8.16,CE,39.77,2024,Adobe,DevOps
8.29,BT,31.31,2025,Flipkart,Data_Science
6.85,CSE,3.11,2024,Infosys,DevOps
5.45,IT,17.01,2024,TCS,Product_Manager
6.01,EEE,35.35,2023,Flipkart,QA_Engineer
5.85,CSE,39.68,2024,Microsoft,DevOps
5.04,CE,8.97,2025,IBM,DevOps
8.06,CSE,39.12,2024,Microsoft,Product_Manager
7.65,CE,38.21,2024,Infosys,Product_Manager
6.94,CSE,32.01,2024,Wipro,QA_Engineer
5.07,EEE,7.81,2025,Amazon,Business_Analyst
7.8,CSE,37.92,2025,Paytm,Data_Science
8.34,ME,3.36,2025,Adobe,Business_Analyst
5.42,ME,36.7,2025,Google,QA_Engineer
7.72,EEE,33.27,2025,IBM,Product_Manager
6.25,ME,33.53,2023,TCS,SDE
8.08,CE,28.47,2024,Amazon,UI/UX
7.44,EEE,13.75,2025,TCS,Product_Manager
7.45,CSE,38.39,2024,Microsoft,DevOps
7.76,BT,17.19,2025,Google,Data_Science
9.07,EEE,7.36,2023,Flipkart,QA_Engineer
5.72,EEE,22.93,2024,Paytm,Data_Science
9.38,EEE,36.88,2024,TCS,Business_Analyst
8.3,IT,23.86,2025,Microsoft,QA_Engineer
6.57,ME,38.62,2023,TCS,Data_Science
7.98,CSE,39.5,2023,Google,QA_Engineer
6.79,IT,19.49,2023,Google,DevOps
7.12,CE,31.16,2024,IBM,Business_Analyst
7.51,IT,7.71,2024,Wipro,Data_Science
9.05,CSE,4.77,2024,IBM,UI/UX
7.19,ME,21.42,2024,IBM,Business_Analyst
8.24,EEE,37.44,2024,Wipro,Business_Analyst
9.81,EEE,7.75,2024,Adobe,Data_Science
6.02,IT,13.78,2024,Paytm,DevOps
6.13,CE,10.98,2023,Paytm,QA_Engineer
5.41,CE,10.63,2023,Flipkart,DevOps
5.67,ECE,19.76,2023,Infosys,DevOps
6.24,ECE,29.56,2023,Amazon,DevOps
8.35,EEE,17.61,2023,Flipkart,Business_Analyst
5.08,CE,22.06,2024,Wipro,Data_Science
9.14,ECE,3.05,2023,Flipkart,Product_Manager
8.36,BT,23.91,2024,Adobe,QA_Engineer
6.83,ECE,5.65,2024,TCS,SDE
5.64,BT,32.92,2023,Adobe,Data_Science
7.68,BT,9.33,2024,Google,Data_Science
6.25,ME,9.9,2023,Microsoft,Product_Manager
6.22,ME,6.57,2024,Infosys,Business_Analyst
5.65,IT,13.22,2025,TCS,Business_Analyst
9.25,EEE,9.69,2024,Amazon,Business_Analyst
9.61,EEE,15.92,2025,Amazon,Business_Analyst
8.8,BT,13.63,2024,Paytm,UI/UX
8.59,CSE,39.63,2024,Adobe,SDE
7.26,ME,23.52,2025,Adobe,QA_Engineer
5.37,ME,39.37,2024,TCS,Business_Analyst
5.62,BT,21.98,2024,Amazon,DevOps
8.21,BT,9.98,2024,Adobe,UI/UX
6.19,BT,29.69,2024,Microsoft,SDE
9.73,ECE,10.61,2025,Wipro,SDE
8.55,IT,21.21,2025,Flipkart,UI/UX
7.35,BT,21.47,2025,Flipkart,Product_Manager
9.41,CSE,20.74,2024,Flipkart,Business_Analyst
5.96,EEE,39.88,2023,Wipro,Business_Analyst
9.96,CSE,16.2,2024,Google,Product_Manager
9.61,EEE,19.43,2023,Microsoft,Data_Science
8.31,BT,13.13,2025,Wipro,SDE
9.18,CE,5.85,2024,Paytm,DevOps
9.56,CE,18.84,2024,TCS,SDE
5.68,ME,24.98,2024,Adobe,UI/UX
6.84,IT,29.07,2025,Adobe,Product_Manager
8.46,ME,37.78,2025,IBM,UI/UX
9.77,CE,13.39,2023,Flipkart,Business_Analyst
7.51,ECE,27.96,2025,Amazon,DevOps
8.14,EEE,22.93,2023,Microsoft,SDE
9.04,ME,10.47,2023,Adobe,QA_Engineer
9.57,ECE,27.23,2023,Wipro,DevOps
8.38,ME,5.71,2024,Flipkart,Product_Manager
9.0,CE,21.35,2024,Adobe,SDE
7.08,CE,39.76,2025,Wipro,Business_Analyst
8.42,IT,28.27,2025,Adobe,SDE
7.44,ME,9.78,2025,Amazon,SDE
7.31,ME,6.64,2024,Adobe,Data_Science
9.58,EEE,22.21,2023,IBM,UI/UX
7.7,CSE,38.75,2024,Flipkart,SDE
6.32,ME,27.26,2023,Infosys,Business_Analyst
8.93,ME,36.65,2025,Adobe,QA_Engineer
9.31,CE,38.21,2023,IBM,Data_Science
9.63,CSE,17.55,2023,Adobe,Data_Science
8.59,IT,8.05,2024,Google,Business_Analyst
8.1,IT,34.32,2024,Microsoft,DevOps
8.98,IT,17.21,2023,Infosys,UI/UX
5.77,CSE,28.77,2024,Wipro,UI/UX
5.26,CSE,31.4,2024,Flipkart,Data_Science
5.21,BT,19.08,2025,Google,Data_Science
7.07,EEE,14.18,2025,Google,SDE
8.01,CE,25.0,2025,Wipro,UI/UX
5.51,BT,13.8,2024,Microsoft,Data_Science
7.07,ME,23.64,2024,Microsoft,SDE
6.23,IT,16.85,2023,Microsoft,UI/UX
5.6,IT,11.06,2025,Wipro,UI/UX
8.41,IT,14.57,2023,Wipro,Business_Analyst
9.7,ME,31.74,2025,IBM,Data_Science
9.79,ECE,14.3,2024,Amazon,DevOps
5.05,BT,8.22,2025,Wipro,Business_Analyst
6.47,IT,22.77,2023,TCS,DevOps
6.59,ECE,15.79,2024,Paytm,Product_Manager
5.11,ECE,13.0,2025,Microsoft,Business_Analyst
6.56,ECE,34.85,2025,Adobe,Product_Manager
9.03,ECE,33.34,2025,Wipro,UI/UX
7.04,IT,13.02,2025,Paytm,QA_Engineer
9.2,ME,7.52,2025,Google,SDE
7.01,IT,22.31,2024,Adobe,QA_Engineer
5.6,CE,11.44,2025,Paytm,Business_Analyst
6.6,ME,24.42,2023,Amazon,Product_Manager
9.61,CE,20.55,2024,Flipkart,Data_Science
6.09,BT,28.91,2025,Adobe,DevOps
6.96,ME,19.11,2023,Adobe,Business_Analyst
8.96,ME,8.95,2023,Adobe,Business_Analyst
5.12,ME,8.83,2024,Google,SDE
5.29,EEE,7.94,2023,Adobe,Product_Manager
7.45,CSE,12.87,2024,TCS,Business_Analyst
9.24,BT,31.11,2025,IBM,Data_Science
7.63,EEE,15.55,2025,IBM,Business_Analyst
6.29,ECE,12.61,2024,TCS,Product_Manager
5.3,ME,6.88,2023,Paytm,Business_Analyst
7.14,ECE,28.55,2025,IBM,QA_Engineer
6.73,ME,18.74,2024,Flipkart,Data_Science
7.31,CE,35.34,2025,IBM,Business_Analyst
7.02,CSE,11.92,2024,TCS,SDE
7.9,EEE,10.27,2024,Paytm,Product_Manager
8.69,ME,21.14,2025,Infosys,SDE
7.1,CE,20.25,2023,Amazon,UI/UX
6.22,CE,6.5,2023,Adobe,DevOps
5.82,ECE,11.14,2024,Wipro,Business_Analyst
6.23,CE,30.67,2024,Infosys,Product_Manager
8.06,CSE,18.41,2025,Google,SDE
5.58,BT,7.56,2025,Paytm,DevOps
7.3,CSE,39.15,2023,Infosys,Product_Manager
8.04,BT,6.22,2023,Google,QA_Engineer
6.57,CSE,21.09,2023,Google,Product_Manager
8.53,ME,25.66,2024,Flipkart,UI/UX
6.89,EEE,31.87,2024,Adobe,Business_Analyst
5.22,BT,39.59,2025,Google,SDE
8.41,ECE,30.94,2023,Infosys,Data_Science
9.47,BT,27.06,2024,Amazon,Business_Analyst
9.23,ME,21.09,2024,Amazon,Product_Manager
6.74,CSE,5.07,2025,IBM,DevOps
7.45,CSE,32.86,2023,Google,Product_Manager
9.89,ECE,10.13,2023,Google,SDE
9.91,EEE,8.71,2025,Paytm,Data_Science
8.93,BT,21.34,2023,Paytm,UI/UX
9.19,IT,39.52,2023,IBM,UI/UX
9.34,ECE,6.26,2023,Infosys,QA_Engineer
8.15,IT,30.44,2024,Wipro,Business_Analyst
6.02,CSE,13.36,2024,TCS,DevOps
8.85,IT,11.13,2025,TCS,QA_Engineer
8.44,EEE,38.45,2023,Amazon,UI/UX
7.32,ME,37.76,2025,Amazon,Product_Manager
5.69,CE,27.05,2025,Wipro,UI/UX
6.62,EEE,32.14,2023,Adobe,UI/UX
5.12,CSE,7.69,2025,Wipro,Business_Analyst
7.87,ME,4.35,2025,Paytm,DevOps
7.73,CE,13.14,2025,Google,Product_Manager
9.38,IT,9.74,2025,Adobe,Data_Science
6.94,IT,36.28,2025,TCS,Data_Science
8.72,IT,21.69,2023,Adobe,QA_Engineer
8.44,CSE,15.47,2025,IBM,SDE
7.19,IT,21.61,2024,Flipkart,Product_Manager
7.57,ME,37.47,2025,Paytm,QA_Engineer
6.6,ME,31.29,2023,Google,Product_Manager
7.63,CE,3.94,2024,TCS,DevOps
9.53,ECE,4.61,2025,Amazon,DevOps
6.33,ECE,12.42,2023,Amazon,DevOps
7.22,EEE,29.23,2024,Amazon,Product_Manager
6.05,BT,27.56,2025,Google,QA_Engineer
5.43,IT,27.93,2025,Amazon,DevOps
6.15,BT,22.13,2024,Amazon,UI/UX
7.2,ME,20.4,2023,Microsoft,QA_Engineer
7.54,CSE,20.91,2023,IBM,Data_Science
9.48,CE,15.4,2023,Adobe,SDE
6.35,CE,32.37,2023,Wipro,Data_Science
7.66,BT,27.11,2023,Wipro,Data_Science
9.76,ME,10.15,2023,Amazon,DevOps
9.16,CSE,28.57,2025,Amazon,Business_Analyst
6.74,ME,27.21,2023,TCS,Product_Manager
9.56,CE,33.01,2024,Wipro,Data_Science
5.34,IT,22.65,2025,Flipkart,Product_Manager
8.55,ME,39.16,2025,TCS,DevOps
9.58,ME,11.11,2024,Adobe,Data_Science
6.58,EEE,22.12,2025,Google,Product_Manager
5.65,CE,14.24,2023,Amazon,QA_Engineer
6.89,BT,27.44,2025,Flipkart,Data_Science
6.81,IT,24.87,2024,Adobe,Data_Science
8.34,IT,21.43,2024,Infosys,QA_Engineer
7.54,ECE,13.83,2024,Amazon,DevOps
8.36,CE,18.36,2023,Amazon,Data_Science
5.71,EEE,19.6,2023,Adobe,Data_Science
9.15,IT,3.07,2023,Amazon,Business_Analyst
7.6,ME,11.21,2024,Flipkart,DevOps
8.55,EEE,15.31,2025,TCS,UI/UX
8.86,CE,13.13,2025,TCS,Data_Science
5.11,CE,38.35,2025,Paytm,QA_Engineer
6.12,ME,7.34,2024,IBM,UI/UX
9.65,IT,32.44,2023,Infosys,UI/UX
9.02,CE,26.23,2024,Flipkart,Product_Manager
7.42,CE,11.18,2025,Google,Data_Science
7.31,BT,24.52,2023,IBM,UI/UX
9.86,IT,4.78,2024,Flipkart,Product_Manager
8.14,IT,31.73,2024,Amazon,SDE
5.16,ME,13.12,2023,TCS,DevOps
8.28,EEE,35.2,2023,Google,Product_Manager
7.17,CSE,21.67,2025,Amazon,DevOps
7.99,IT,13.2,2025,Wipro,Product_Manager
9.83,IT,23.3,2025,Amazon,Product_Manager
8.11,IT,23.98,2025,Flipkart,Data_Science
6.45,CSE,13.54,2025,Wipro,UI/UX
9.76,CSE,18.86,2023,TCS,Business_Analyst
8.87,EEE,15.34,2025,Google,Business_Analyst
6.8,BT,9.14,2024,Wipro,Product_Manager
9.85,IT,28.52,2025,TCS,Product_Manager
9.04,IT,3.14,2024,IBM,Business_Analyst
8.41,ECE,37.3,2025,Paytm,Business_Analyst
7.96,CE,17.07,2025,IBM,Data_Science
5.74,CSE,10.66,2025,IBM,DevOps
9.4,ECE,9.52,2023,TCS,UI/UX
7.48,EEE,6.52,2025,Amazon,Data_Science
9.17,IT,29.98,2024,Infosys,DevOps
9.18,ME,32.89,2025,IBM,DevOps
7.19,CSE,12.45,2025,Wipro,DevOps
7.9,CE,19.45,2023,Microsoft,UI/UX
8.97,IT,21.16,2024,TCS,Data_Science
7.09,BT,39.18,2025,Paytm,Data_Science
7.23,EEE,37.01,2025,Wipro,SDE
6.91,ECE,5.4,2024,Paytm,DevOps
9.53,CE,18.02,2023,Infosys,QA_Engineer
6.76,IT,32.98,2024,IBM,SDE
6.64,IT,27.73,2023,TCS,DevOps
6.49,ME,22.13,2025,Adobe,Business_Analyst
5.36,ME,11.2,2023,Flipkart,Business_Analyst
5.68,EEE,4.11,2024,Google,DevOps
9.75,CSE,9.37,2025,Paytm,Data_Science
5.68,ECE,34.51,2024,Adobe,Data_Science
8.91,CSE,9.79,2023,Google,Data_Science
6.55,ECE,3.51,2023,Paytm,Product_Manager
7.95,IT,10.42,2023,Amazon,UI/UX
9.19,ME,8.48,2025,Google,SDE
8.98,CE,39.17,2025,Google,QA_Engineer
8.32,BT,38.07,2023,Paytm,QA_Engineer
8.77,ECE,7.15,2023,Microsoft,QA_Engineer
6.08,CSE,20.66,2025,Wipro,SDE
6.57,EEE,9.93,2023,Paytm,UI/UX
6.73,BT,5.78,2023,Google,Product_Manager
5.63,IT,24.94,2023,Flipkart,Business_Analyst
9.85,IT,6.64,2023,Paytm,SDE
9.36,EEE,32.76,2024,Adobe,DevOps
9.89,ME,15.09,2023,Flipkart,Data_Science
8.07,ME,33.45,2024,Google,SDE
8.72,BT,10.79,2024,Infosys,SDE
9.12,ME,11.48,2023,Paytm,Data_Science
9.92,BT,21.62,2025,Wipro,Business_Analyst
8.22,CE,7.44,2025,Flipkart,SDE
6.52,EEE,38.94,2024,Wipro,Business_Analyst
6.96,IT,29.06,2024,Google,Business_Analyst
9.91,ME,24.46,2024,Amazon,QA_Engineer
6.32,CE,21.73,2023,Microsoft,QA_Engineer
7.31,ME,34.33,2024,Infosys,QA_Engineer
8.82,CSE,27.06,2024,Adobe,SDE
6.21,CE,13.02,2023,Adobe,Data_Science
7.13,ECE,38.13,2023,Amazon,UI/UX
6.88,EEE,28.0,2024,Microsoft,DevOps
5.93,BT,33.43,2025,Infosys,QA_Engineer
7.74,IT,4.76,2025,Flipkart,SDE
9.92,ECE,36.76,2024,Flipkart,DevOps
7.17,CSE,17.76,2023,Wipro,DevOps
7.42,BT,7.46,2025,Google,SDE
5.07,CSE,16.91,2023,Google,Product_Manager
8.83,ME,16.57,2023,IBM,UI/UX
7.06,BT,17.29,2024,Wipro,Product_Manager
8.69,CSE,8.75,2023,Microsoft,SDE
8.2,CE,3.24,2024,Flipkart,Business_Analyst
9.55,EEE,24.5,2025,Flipkart,Business_Analyst
9.38,BT,16.64,2025,Google,SDE
8.46,CE,6.5,2024,Wipro,Business_Analyst
5.97,ME,11.94,2024,Flipkart,Data_Science
8.57,ECE,17.29,2023,Google,Product_Manager
5.04,IT,15.85,2024,Adobe,Data_Science
7.19,ME,21.16,2024,Microsoft,SDE
8.66,EEE,25.58,2023,Adobe,DevOps
8.87,IT,22.3,2024,Adobe,Product_Manager
5.31,ECE,31.9,2025,Infosys,Business_Analyst
5.98,CSE,34.0,2025,IBM,UI/UX
8.37,ME,15.76,2025,Amazon,Product_Manager
5.49,BT,24.5,2025,Google,Business_Analyst
9.45,CE,34.89,2025,Wipro,DevOps
7.59,CSE,13.39,2025,Amazon,Data_Science
6.07,CSE,10.49,2023,Google,UI/UX
10.0,CE,34.83,2023,Adobe,Product_Manager
9.68,ME,32.32,2025,Adobe,DevOps
7.98,ECE,27.01,2024,Google,DevOps
8.4,BT,34.17,2025,Adobe,Data_Science
8.04,ECE,23.77,2023,Microsoft,Data_Science
5.11,BT,11.97,2024,Wipro,QA_Engineer
8.91,IT,33.91,2023,IBM,SDE
9.08,IT,28.48,2024,Google,DevOps
5.41,IT,39.0,2024,TCS,DevOps
5.22,EEE,39.75,2025,Flipkart,SDE
5.47,BT,28.04,2023,Adobe,Business_Analyst
9.18,IT,35.93,2025,Wipro,UI/UX
8.27,ME,6.24,2025,Google,UI/UX
5.9,CE,19.09,2023,Paytm,UI/UX
9.79,EEE,11.45,2023,TCS,QA_Engineer
6.12,CE,22.31,2025,Flipkart,DevOps
5.26,CE,5.44,2023,Microsoft,DevOps
7.8,EEE,10.97,2024,TCS,SDE
8.99,BT,39.09,2025,Flipkart,DevOps
8.39,CSE,36.87,2024,TCS,DevOps
9.68,IT,30.15,2025,Google,Data_Science
7.42,BT,16.21,2025,Amazon,UI/UX
6.79,ME,18.83,2025,Infosys,Business_Analyst
6.53,BT,15.89,2024,Flipkart,Product_Manager
5.33,CE,33.12,2025,IBM,Data_Science
9.91,BT,39.41,2024,Adobe,SDE
7.16,ME,30.47,2023,TCS,Data_Science
8.23,ECE,36.61,2025,Wipro,Product_Manager
6.17,ECE,38.4,2025,Wipro,SDE
8.77,EEE,32.65,2023,Infosys,Business_Analyst
7.87,EEE,38.47,2025,Adobe,SDE
6.27,CE,19.64,2023,Google,UI/UX
7.72,EEE,24.39,2023,Adobe,Data_Science
8.81,EEE,12.22,2025,Adobe,QA_Engineer
5.66,ECE,27.85,2024,Amazon,DevOps
7.62,ME,18.09,2025,Wipro,UI/UX
7.54,EEE,34.66,2023,Adobe,DevOps
7.13,CE,28.04,2024,Microsoft,DevOps
8.42,IT,16.74,2024,IBM,UI/UX
5.49,ECE,22.84,2023,Paytm,DevOps
9.62,ME,6.36,2023,Wipro,Data_Science
9.12,EEE,34.5,2023,Flipkart,UI/UX
6.57,IT,31.96,2024,Wipro,QA_Engineer
5.2,CE,29.39,2024,Amazon,UI/UX
8.33,IT,38.85,2023,Paytm,QA_Engineer
9.42,IT,30.72,2024,Amazon,Business_Analyst
7.73,ECE,19.51,2025,Microsoft,Business_Analyst
5.6,CE,11.43,2025,Microsoft,Business_Analyst
9.04,ECE,28.04,2023,TCS,SDE
5.9,BT,18.43,2023,Microsoft,SDE
7.26,IT,29.69,2025,Amazon,UI/UX
9.51,ME,6.28,2025,Infosys,Business_Analyst
8.06,IT,8.56,2024,Flipkart,UI/UX
5.02,CE,33.15,2024,Adobe,QA_Engineer
6.38,BT,17.27,2023,Paytm,Product_Manager
5.58,EEE,18.5,2025,Adobe,QA_Engineer
9.78,BT,38.9,2023,Infosys,Data_Science
8.96,EEE,6.91,2025,Microsoft,SDE
6.65,BT,20.0,2025,IBM,QA_Engineer
9.34,BT,20.12,2023,Adobe,Product_Manager
5.26,CSE,14.09,2023,Microsoft,DevOps
5.28,IT,9.95,2024,Wipro,SDE
9.14,EEE,13.37,2025,Microsoft,Product_Manager
8.34,CE,16.19,2025,Flipkart,Product_Manager
6.16,CE,5.4,2025,Google,Product_Manager
6.57,CE,18.16,2025,Infosys,UI/UX
8.66,IT,24.27,2023,Infosys,Data_Science
7.88,ME,33.22,2024,Wipro,DevOps
8.63,CE,22.89,2023,TCS,DevOps
5.54,CE,36.38,2024,Wipro,Business_Analyst
5.41,ME,8.33,2023,IBM,Data_Science
7.9,ME,9.48,2023,Google,Business_Analyst
8.17,BT,9.94,2023,IBM,Product_Manager
7.76,ME,25.57,2023,Google,DevOps
8.99,EEE,23.05,2023,Amazon,Business_Analyst
9.43,CE,11.31,2025,Infosys,Product_Manager
5.36,CE,31.21,2023,Adobe,DevOps
6.1,ME,35.16,2023,Amazon,Product_Manager
6.4,IT,37.85,2025,Amazon,QA_Engineer
9.79,IT,12.1,2025,Amazon,SDE
9.74,BT,3.41,2024,TCS,DevOps
6.2,ECE,28.08,2023,TCS,UI/UX
6.94,BT,12.27,2023,Flipkart,SDE
8.56,ME,22.95,2024,Flipkart,Data_Science
9.79,CE,8.22,2025,Amazon,UI/UX
8.48,CSE,11.43,2024,TCS,Data_Science
6.75,CE,37.55,2024,Microsoft,Product_Manager
5.72,BT,31.73,2023,TCS,SDE
6.91,ME,35.66,2024,Infosys,Business_Analyst
6.19,ME,26.54,2023,Adobe,QA_Engineer
9.24,BT,18.63,2023,Flipkart,QA_Engineer
8.01,CE,4.3,2024,Infosys,QA_Engineer
5.88,ECE,16.91,2024,TCS,DevOps
7.44,CE,12.63,2024,TCS,Data_Science
8.79,ME,19.78,2025,Infosys,DevOps
8.92,CE,39.44,2024,Google,SDE
6.77,BT,32.8,2024,Wipro,Business_Analyst
7.9,EEE,4.95,2025,Amazon,SDE
6.28,BT,3.46,2025,Infosys,Business_Analyst
8.16,EEE,6.94,2024,Flipkart,UI/UX
6.5,CE,3.32,2025,Adobe,UI/UX
5.28,ECE,19.46,2025,IBM,Product_Manager
7.56,IT,38.01,2024,Amazon,SDE
8.52,ME,20.62,2024,Adobe,DevOps
6.38,ECE,3.38,2024,Google,DevOps
6.67,IT,9.12,2023,Google,Product_Manager
8.16,ECE,24.9,2024,Paytm,Data_Science
5.22,IT,7.51,2023,Flipkart,Data_Science
9.11,BT,33.03,2025,Wipro,QA_Engineer
8.59,EEE,18.84,2024,Microsoft,DevOps
5.57,CE,35.74,2024,Adobe,Business_Analyst
8.39,EEE,11.9,2023,Amazon,SDE
5.24,BT,35.5,2023,Microsoft,QA_Engineer
8.63,CE,24.57,2025,TCS,Business_Analyst
6.77,CE,6.75,2023,Infosys,Product_Manager
5.45,ME,28.51,2025,Wipro,DevOps
6.55,CE,11.7,2025,Wipro,UI/UX
7.65,BT,24.58,2025,Microsoft,Product_Manager
6.43,BT,34.1,2023,IBM,Business_Analyst
7.49,BT,39.65,2024,Adobe,QA_Engineer
5.45,ECE,34.73,2025,Paytm,QA_Engineer
6.53,CE,9.99,2024,Paytm,UI/UX
5.05,BT,18.37,2024,Flipkart,Product_Manager
5.02,BT,20.41,2025,Adobe,SDE
6.43,BT,21.29,2023,Flipkart,Data_Science
5.71,CSE,27.78,2025,Paytm,SDE
9.77,CSE,25.57,2023,IBM,Business_Analyst
5.84,ECE,23.09,2023,Paytm,Data_Science
9.04,CSE,24.31,2024,Paytm,UI/UX
5.86,ECE,35.35,2025,Infosys,UI/UX
8.8,ME,15.43,2025,Amazon,DevOps
6.7,IT,32.86,2025,Microsoft,Data_Science
8.08,ECE,37.67,2023,Infosys,QA_Engineer
5.87,ECE,37.29,2023,Wipro,QA_Engineer
8.35,BT,5.48,2024,Google,Business_Analyst
6.29,CE,36.76,2023,Paytm,UI/UX
9.18,EEE,26.56,2023,Paytm,Business_Analyst
7.81,IT,20.67,2025,TCS,QA_Engineer
9.45,CE,12.01,2025,TCS,DevOps
8.51,CE,14.9,2025,Flipkart,SDE
5.29,CSE,4.35,2025,Amazon,Product_Manager
9.28,ECE,15.86,2025,Microsoft,UI/UX
8.45,EEE,20.69,2025,Flipkart,UI/UX
5.44,ME,31.28,2023,Microsoft,Data_Science
5.21,ME,23.89,2025,IBM,SDE
6.14,ECE,22.37,2024,Microsoft,Business_Analyst
8.39,IT,36.61,2024,Google,UI/UX
7.91,BT,35.1,2025,Amazon,DevOps
9.49,CE,3.96,2024,TCS,Product_Manager
5.63,CSE,13.65,2023,IBM,QA_Engineer
7.88,CSE,36.52,2024,Wipro,Data_Science
6.79,ECE,31.3,2025,Microsoft,SDE
5.35,ME,20.31,2025,Wipro,DevOps
9.08,BT,30.63,2025,Adobe,SDE
6.21,IT,36.03,2024,Adobe,DevOps
7.56,IT,18.58,2025,Infosys,Product_Manager
7.98,BT,30.48,2023,IBM,SDE
9.87,EEE,21.79,2024,Microsoft,Business_Analyst
8.19,BT,6.95,2025,Google,Data_Science
9.57,IT,16.81,2025,Microsoft,DevOps
5.12,CE,29.65,2023,Wipro,Business_Analyst
7.32,IT,34.97,2023,Google,UI/UX
6.37,EEE,28.55,2023,Paytm,Data_Science
7.72,IT,4.04,2023,Google,DevOps
8.12,ME,11.08,2025,Paytm,DevOps
8.49,IT,28.77,2023,IBM,DevOps
5.1,ECE,24.1,2023,IBM,SDE
5.23,CSE,12.7,2024,Flipkart,SDE
9.62,ECE,30.66,2024,TCS,SDE
8.81,CSE,36.87,2023,Infosys,Product_Manager
9.25,ECE,26.34,2024,Flipkart,Product_Manager
8.68,ME,5.12,2023,Adobe,UI/UX
8.11,BT,9.51,2024,IBM,QA_Engineer
7.8,CE,36.44,2025,IBM,Business_Analyst
7.14,IT,34.27,2023,Flipkart,UI/UX
8.55,ME,3.57,2023,IBM,Business_Analyst
8.92,IT,10.71,2023,IBM,DevOps
7.21,ME,31.79,2024,Amazon,Business_Analyst
6.92,BT,6.8,2024,Infosys,SDE
5.56,EEE,27.46,2024,Flipkart,UI/UX
6.03,ECE,6.43,2023,TCS,Product_Manager
7.29,ECE,14.69,2023,Amazon,QA_Engineer
5.62,CE,15.54,2024,IBM,UI/UX
6.0,BT,17.67,2025,Flipkart,Product_Manager
7.25,IT,10.58,2025,Wipro,Business_Analyst
6.97,ME,19.77,2024,Google,UI/UX
6.77,BT,33.43,2025,Amazon,SDE
5.63,IT,15.11,2025,Adobe,Product_Manager
9.76,CE,9.1,2024,Infosys,DevOps
7.47,CSE,13.15,2023,Infosys,QA_Engineer
8.55,ME,14.05,2024,Flipkart,QA_Engineer
8.57,CSE,15.75,2023,Flipkart,DevOps
6.94,ECE,15.32,2024,Adobe,Product_Manager
5.62,ME,8.44,2025,Wipro,UI/UX
9.46,EEE,26.7,2025,Adobe,SDE
9.24,ECE,4.98,2023,Paytm,SDE
9.34,ME,13.2,2025,Wipro,Business_Analyst
8.63,ECE,5.03,2024,Microsoft,Product_Manager
7.34,ECE,5.72,2025,IBM,QA_Engineer
6.01,CSE,14.58,2023,IBM,Product_Manager
6.62,ECE,23.61,2024,Infosys,UI/UX
6.43,CSE,13.3,2024,Wipro,DevOps
9.62,ECE,9.37,2025,Flipkart,Data_Science
9.53,ME,28.44,2023,Amazon,Business_Analyst
7.64,EEE,27.87,2023,Amazon,Data_Science
9.71,IT,35.39,2025,Microsoft,SDE
9.0,ME,3.98,2023,Paytm,Product_Manager
8.69,ME,7.22,2025,Amazon,QA_Engineer
7.04,CE,4.7,2023,Paytm,DevOps
7.35,IT,12.33,2025,Amazon,SDE
9.12,ME,5.57,2025,Wipro,Business_Analyst
7.74,CE,39.34,2024,Infosys,Product_Manager
5.51,EEE,26.95,2025,Microsoft,Data_Science
8.38,CE,7.1,2025,Wipro,DevOps
6.77,IT,36.61,2025,Amazon,Data_Science
8.04,CE,32.73,2023,Amazon,Data_Science
6.58,ME,31.21,2025,Wipro,Product_Manager
6.54,ME,34.75,2025,Paytm,Data_Science
6.73,ME,20.21,2024,Infosys,UI/UX
6.5,BT,8.68,2023,Google,Product_Manager
6.95,ME,19.51,2025,Wipro,Data_Science
9.95,EEE,32.6,2023,Microsoft,SDE
5.11,BT,13.28,2025,Infosys,DevOps
7.16,CSE,23.31,2025,TCS,SDE
6.97,BT,34.17,2023,Microsoft,QA_Engineer
6.56,BT,14.49,2024,Wipro,DevOps
7.37,ECE,23.62,2025,Infosys,Data_Science
6.33,CSE,30.02,2024,TCS,DevOps
9.19,CSE,25.69,2023,Amazon,DevOps
8.87,ECE,38.95,2025,TCS,Business_Analyst
6.35,ME,19.05,2023,Google,SDE
8.02,EEE,28.18,2025,Infosys,UI/UX
7.56,EEE,29.33,2023,IBM,DevOps
9.59,CE,36.48,2023,Flipkart,UI/UX
7.4,ECE,30.07,2023,IBM,SDE
7.63,ECE,6.56,2024,Flipkart,Business_Analyst
9.42,CSE,30.17,2025,Infosys,SDE
6.68,CE,13.18,2025,IBM,DevOps
5.87,CE,14.82,2024,Adobe,Business_Analyst
9.09,CE,35.96,2023,Adobe,UI/UX
8.87,CE,9.29,2025,Adobe,Product_Manager
6.36,EEE,12.17,2025,Paytm,QA_Engineer
5.79,CSE,37.91,2025,Infosys,QA_Engineer
8.74,BT,18.63,2025,Microsoft,QA_Engineer
6.75,CE,14.62,2024,Microsoft,UI/UX
9.7,IT,20.69,2023,Infosys,Business_Analyst
8.49,CE,30.52,2025,TCS,UI/UX
7.75,BT,23.75,2023,IBM,Data_Science
7.31,EEE,16.38,2025,Wipro,UI/UX
9.75,CE,9.06,2023,Adobe,Business_Analyst
8.53,ECE,8.45,2025,Flipkart,UI/UX
7.61,EEE,39.35,2025,Infosys,Data_Science
9.39,CE,39.58,2024,Adobe,Business_Analyst
6.55,BT,21.3,2023,Wipro,Product_Manager
8.74,BT,26.66,2024,Flipkart,UI/UX
6.58,CE,10.51,2025,Microsoft,Product_Manager
7.68,CSE,36.47,2025,Infosys,SDE
8.99,CSE,27.59,2024,Infosys,UI/UX
8.48,IT,36.23,2024,Adobe,QA_Engineer
5.15,EEE,32.76,2025,Adobe,Data_Science
8.0,BT,15.61,2024,Google,DevOps
9.16,CE,8.5,2024,Infosys,UI/UX
7.95,EEE,31.36,2023,Adobe,UI/UX
9.18,CE,14.02,2024,Infosys,QA_Engineer
9.89,ME,21.94,2025,Flipkart,Business_Analyst
6.96,ECE,23.74,2025,Flipkart,Product_Manager
8.47,CE,20.67,2023,Google,Data_Science
8.61,EEE,18.11,2024,Amazon,QA_Engineer
9.68,CE,7.78,2025,Amazon,Business_Analyst
5.68,CE,6.18,2024,Microsoft,Data_Science
6.1,CE,17.62,2024,Flipkart,DevOps
9.1,CSE,17.55,2024,Paytm,Data_Science
7.11,BT,34.61,2024,Microsoft,Business_Analyst
6.49,ME,8.76,2025,Google,Product_Manager
7.91,ECE,25.73,2025,Adobe,Business_Analyst
8.86,CE,36.99,2024,IBM,UI/UX
9.54,ME,38.21,2025,Google,UI/UX
8.23,ECE,8.15,2023,Flipkart,SDE
8.58,IT,22.44,2024,IBM,Product_Manager
6.69,BT,37.36,2025,Flipkart,DevOps
5.92,ECE,18.88,2023,Flipkart,SDE
6.66,IT,4.83,2023,Wipro,Business_Analyst
9.65,BT,22.22,2023,Flipkart,UI/UX
8.98,IT,8.51,2023,Amazon,Business_Analyst
9.68,CSE,12.79,2023,Amazon,SDE
8.88,EEE,25.09,2024,Wipro,SDE
6.84,BT,26.3,2025,Amazon,Product_Manager
5.64,BT,9.84,2023,Infosys,SDE
8.97,CSE,25.26,2025,IBM,UI/UX
7.2,ME,24.26,2023,Microsoft,Product_Manager
7.27,CE,35.19,2023,IBM,Data_Science
6.49,ME,11.07,2024,Google,Business_Analyst
9.81,BT,5.6,2023,Infosys,DevOps
7.81,CSE,37.16,2024,Paytm,Product_Manager
9.64,IT,39.27,2024,Flipkart,Product_Manager
6.38,BT,35.0,2024,Flipkart,Business_Analyst
9.1,EEE,16.07,2025,TCS,Data_Science
7.18,ME,10.06,2023,IBM,SDE
6.01,ME,14.06,2024,Flipkart,DevOps
5.95,CSE,9.98,2023,Paytm,DevOps
8.83,CE,29.5,2025,IBM,Business_Analyst
5.91,EEE,37.78,2024,Paytm,Data_Science
9.82,BT,33.29,2025,TCS,UI/UX
8.78,ECE,35.86,2025,Wipro,DevOps
8.13,IT,15.47,2025,Amazon,UI/UX
8.11,CSE,9.63,2025,Flipkart,Business_Analyst
7.12,EEE,20.12,2024,Infosys,DevOps
7.92,ECE,8.21,2023,Infosys,Data_Science
6.03,IT,37.05,2024,IBM,Data_Science
9.88,ECE,15.15,2025,Amazon,SDE
5.06,BT,7.94,2024,Paytm,UI/UX
6.54,BT,25.53,2023,Adobe,DevOps
7.24,IT,17.13,2025,Google,QA_Engineer
8.13,IT,39.02,2025,IBM,DevOps
7.4,ECE,34.55,2025,Adobe,Product_Manager
5.99,ME,11.81,2025,IBM,DevOps
6.73,ME,20.72,2025,Amazon,UI/UX
5.0,CSE,19.67,2024,Infosys,QA_Engineer
6.78,ME,10.8,2025,Google,DevOps
7.62,ECE,6.3,2025,Google,Product_Manager
10.0,IT,16.12,2025,Infosys,Business_Analyst
9.98,CSE,24.12,2024,Infosys,QA_Engineer
5.9,IT,29.61,2025,TCS,QA_Engineer
7.15,BT,8.5,2023,Infosys,Product_Manager
7.99,CSE,24.07,2025,Infosys,QA_Engineer
5.74,CE,11.92,2025,Microsoft,DevOps
6.57,CSE,16.02,2023,Wipro,DevOps
9.27,ME,30.16,2025,Wipro,Data_Science
8.95,IT,33.2,2024,Adobe,DevOps
9.68,IT,20.09,2024,Google,Business_Analyst
6.5,ECE,13.61,2025,Amazon,Business_Analyst
6.35,CSE,10.76,2025,TCS,QA_Engineer
7.37,BT,15.73,2025,Google,Product_Manager
5.1,IT,6.31,2023,TCS,Business_Analyst
6.57,ECE,29.92,2025,Adobe,UI/UX
9.15,BT,31.89,2024,Paytm,DevOps
8.53,CSE,18.99,2023,Microsoft,SDE
9.71,CE,16.76,2024,Amazon,DevOps
8.97,IT,33.17,2025,Paytm,QA_Engineer
7.92,ME,17.51,2024,Paytm,QA_Engineer
7.16,BT,21.05,2024,Microsoft,Business_Analyst
5.87,ME,18.92,2024,Wipro,DevOps
5.72,IT,9.09,2024,Adobe,UI/UX
7.33,ECE,15.41,2023,Google,Product_Manager
8.77,ECE,26.95,2023,Paytm,Business_Analyst
8.0,CSE,10.41,2023,Infosys,Data_Science
6.39,ECE,31.44,2024,TCS,Data_Science
8.11,BT,31.15,2023,Flipkart,SDE
5.64,IT,24.36,2023,Adobe,DevOps
5.97,ME,33.9,2024,Amazon,Data_Science
6.74,IT,39.15,2025,Infosys,QA_Engineer
7.11,EEE,30.16,2025,Microsoft,QA_Engineer
6.61,IT,4.33,2023,Flipkart,QA_Engineer
9.43,IT,11.08,2025,Microsoft,UI/UX
6.79,CE,29.68,2024,Microsoft,Data_Science
8.08,IT,10.18,2024,Amazon,SDE
9.17,ME,31.35,2024,Wipro,SDE
7.73,CSE,37.08,2024,Infosys,SDE
5.46,ME,14.17,2024,TCS,UI/UX
8.88,IT,7.58,2024,Amazon,Data_Science
9.65,CE,19.3,2025,Paytm,Business_Analyst
7.84,CSE,38.56,2025,Infosys,Data_Science
6.36,ECE,25.17,2025,Amazon,SDE
5.33,CSE,32.09,2023,Amazon,DevOps
9.94,CSE,23.46,2025,Google,Data_Science
9.08,IT,36.13,2025,Microsoft,QA_Engineer
7.82,IT,23.96,2023,Microsoft,Data_Science
9.37,ECE,23.23,2025,Flipkart,QA_Engineer
9.32,ECE,13.25,2023,IBM,QA_Engineer
9.5,CE,15.52,2023,Infosys,Data_Science
8.32,ME,25.83,2024,TCS,Business_Analyst
8.66,ECE,27.18,2023,Infosys,DevOps
5.98,IT,25.45,2023,Adobe,SDE
8.42,ECE,31.73,2023,IBM,Data_Science
9.96,ME,17.68,2023,Paytm,SDE
6.44,IT,36.78,2024,IBM,Product_Manager
8.35,ECE,38.32,2023,TCS,Product_Manager
5.69,ME,17.89,2024,Amazon,Data_Science
6.47,EEE,20.32,2025,Google,Product_Manager
5.58,EEE,12.17,2024,Infosys,UI/UX
9.25,ECE,16.77,2025,Flipkart,Data_Science
6.22,ME,32.94,2024,IBM,SDE
5.15,EEE,38.25,2024,TCS,DevOps
9.54,ECE,6.72,2025,IBM,UI/UX
9.87,ME,18.63,2024,TCS,SDE
5.97,ECE,6.55,2025,Infosys,Data_Science
5.5,BT,25.27,2024,Flipkart,DevOps
6.29,ME,26.18,2025,Wipro,Business_Analyst
6.35,CE,39.69,2024,Google,SDE
6.75,ME,38.85,2024,Google,Business_Analyst
5.32,EEE,30.68,2023,IBM,Business_Analyst
5.11,CE,21.2,2024,Microsoft,Data_Science
7.72,BT,19.3,2024,Wipro,SDE
9.73,EEE,16.17,2025,Google,SDE
8.57,ME,31.2,2024,Microsoft,SDE
6.94,IT,28.63,2024,Paytm,UI/UX
7.69,ECE,26.18,2023,IBM,DevOps
9.8,CSE,29.77,2024,Wipro,QA_Engineer
5.36,IT,35.07,2023,Wipro,Data_Science
7.88,CSE,15.56,2025,Wipro,Product_Manager
5.18,EEE,11.82,2025,Microsoft,Data_Science
6.26,EEE,25.35,2025,TCS,QA_Engineer
6.53,CSE,21.27,2024,Adobe,UI/UX
6.67,IT,27.95,2025,Wipro,Data_Science
6.17,CSE,3.73,2023,Amazon,Product_Manager
8.88,BT,3.2,2025,Amazon,Business_Analyst
6.13,BT,25.41,2023,TCS,DevOps
8.77,BT,15.16,2024,Microsoft,Business_Analyst
7.92,EEE,39.0,2024,TCS,SDE
6.62,ME,14.83,2023,Amazon,QA_Engineer
5.19,IT,38.47,2025,TCS,Product_Manager
9.32,EEE,35.4,2023,Wipro,SDE
7.06,ME,27.88,2023,Amazon,DevOps
9.91,BT,8.56,2024,Adobe,UI/UX
7.31,ME,12.62,2023,TCS,Product_Manager
7.99,ECE,38.06,2024,Microsoft,QA_Engineer
5.3,CE,27.61,2024,Paytm,Data_Science
8.65,IT,28.39,2023,Infosys,Data_Science
7.28,EEE,11.89,2024,Infosys,Business_Analyst
5.25,CE,28.13,2023,Flipkart,DevOps
7.14,EEE,24.75,2024,IBM,UI/UX
8.58,BT,14.6,2023,Amazon,DevOps
5.84,ME,26.62,2025,Flipkart,QA_Engineer
5.1,CE,11.27,2025,Google,UI/UX
9.45,CE,32.38,2024,Paytm,UI/UX
9.52,CE,12.56,2023,Amazon,UI/UX
7.05,EEE,6.37,2024,Microsoft,DevOps
7.7,ME,28.3,2023,Amazon,Product_Manager
7.09,IT,9.71,2025,Google,Data_Science
9.21,ME,12.61,2024,IBM,Business_Analyst
6.76,EEE,17.52,2025,Google,Business_Analyst
9.75,CSE,8.49,2025,TCS,Data_Science
7.51,CE,3.54,2024,IBM,Data_Science
5.0,ME,34.12,2025,Infosys,QA_Engineer
5.28,ECE,15.24,2025,TCS,Business_Analyst
8.63,ECE,9.9,2024,Adobe,QA_Engineer
8.89,BT,8.11,2025,TCS,Product_Manager
5.93,EEE,9.94,2025,Microsoft,SDE
8.64,CSE,20.72,2024,Adobe,Business_Analyst
7.56,IT,27.58,2023,Microsoft,DevOps
5.73,IT,23.74,2024,Infosys,UI/UX
7.36,CE,3.81,2024,Infosys,Business_Analyst
6.37,CE,7.39,2023,Amazon,Data_Science
8.02,ME,9.72,2023,Infosys,Business_Analyst
6.26,BT,12.25,2023,Wipro,Business_Analyst
8.84,CSE,4.3,2024,Adobe,UI/UX
9.06,ECE,37.26,2025,IBM,QA_Engineer
5.4,CE,19.7,2024,Microsoft,Product_Manager
6.12,ECE,39.14,2024,IBM,DevOps
6.86,IT,29.63,2024,Amazon,SDE
9.98,ECE,12.82,2025,TCS,Business_Analyst
8.52,IT,29.47,2024,TCS,DevOps
9.78,IT,22.65,2025,Infosys,QA_Engineer
9.79,BT,33.2,2024,Infosys,DevOps
8.28,BT,11.5,2025,TCS,Business_Analyst
8.47,ECE,12.45,2023,TCS,DevOps
7.75,CE,33.51,2025,IBM,Business_Analyst
6.89,IT,36.25,2023,TCS,Data_Science
9.5,CSE,33.67,2023,Paytm,DevOps
7.17,IT,29.26,2025,Wipro,Data_Science
8.87,IT,9.98,2025,Infosys,Business_Analyst
5.84,IT,36.58,2023,Adobe,Product_Manager
9.99,IT,25.27,2024,TCS,Business_Analyst
5.87,CSE,29.52,2023,Infosys,SDE
6.22,CE,4.17,2024,Paytm,DevOps
6.0,IT,38.24,2023,Infosys,Business_Analyst
8.39,IT,36.2,2024,Amazon,UI/UX
9.6,CE,34.87,2023,Amazon,UI/UX
7.12,EEE,23.45,2023,Microsoft,SDE
9.2,CE,8.58,2025,Flipkart,SDE
6.34,EEE,32.05,2025,Microsoft,Product_Manager
6.1,CSE,15.65,2025,Infosys,Data_Science
6.31,ECE,36.36,2023,Adobe,Business_Analyst
5.97,CE,5.45,2023,Infosys,UI/UX
6.26,ME,16.63,2023,Flipkart,UI/UX
5.24,BT,31.17,2025,TCS,DevOps
5.79,CSE,11.08,2024,Wipro,UI/UX
7.3,EEE,21.77,2023,Paytm,SDE
5.73,ECE,28.15,2025,Microsoft,DevOps
6.5,BT,3.8,2025,Google,UI/UX
5.27,IT,22.11,2024,IBM,QA_Engineer
8.5,ME,29.15,2023,Amazon,QA_Engineer
7.39,EEE,31.92,2025,TCS,Data_Science
6.76,IT,18.3,2025,Paytm,Product_Manager
7.85,EEE,39.98,2025,IBM,QA_Engineer
7.47,BT,39.7,2023,IBM,Business_Analyst
6.93,EEE,35.03,2025,Paytm,Product_Manager
9.81,CE,20.09,2023,Infosys,Business_Analyst
9.41,ECE,38.55,2024,Wipro,SDE
6.83,EEE,18.04,2023,Google,UI/UX
7.52,ECE,5.69,2024,TCS,DevOps
7.01,BT,20.86,2023,Wipro,Business_Analyst
6.81,CSE,26.84,2025,Infosys,Product_Manager
6.13,CE,31.28,2023,Flipkart,Product_Manager
7.78,CE,17.2,2024,Flipkart,QA_Engineer
8.72,IT,28.92,2023,Amazon,Business_Analyst
9.68,BT,17.16,2025,Infosys,UI/UX
6.86,ECE,25.32,2024,Infosys,SDE
9.05,BT,4.06,2025,Adobe,Data_Science
5.69,CSE,14.87,2023,Wipro,Product_Manager
6.39,ECE,37.39,2024,Infosys,DevOps
8.26,EEE,27.18,2025,Microsoft,SDE
5.4,IT,22.94,2023,Google,UI/UX
5.93,EEE,4.27,2023,Google,DevOps
8.25,CSE,28.91,2025,Flipkart,QA_Engineer
7.3,CE,36.33,2023,Google,UI/UX
5.84,CSE,13.51,2024,Paytm,QA_Engineer
9.87,CSE,22.45,2023,Microsoft,Product_Manager
8.1,IT,34.81,2024,Flipkart,Business_Analyst
8.69,ME,8.81,2023,Flipkart,Business_Analyst
7.8,IT,10.26,2024,IBM,Product_Manager
7.22,CSE,5.27,2024,Infosys,Product_Manager
9.63,CE,36.47,2023,Paytm,Product_Manager
9.5,ME,4.04,2024,IBM,SDE
6.93,BT,28.88,2025,IBM,DevOps
8.92,CSE,39.24,2024,Paytm,Business_Analyst
6.45,IT,37.45,2024,TCS,QA_Engineer
5.5,ECE,20.46,2024,Paytm,UI/UX
7.75,CSE,4.61,2025,Amazon,Business_Analyst
5.88,ECE,13.02,2024,TCS,DevOps
5.19,ECE,19.67,2023,TCS,Data_Science
5.06,ME,10.92,2024,Microsoft,QA_Engineer
8.94,BT,37.79,2025,Wipro,SDE
6.4,IT,39.62,2023,Infosys,DevOps
6.84,EEE,16.68,2023,Microsoft,Product_Manager
9.17,EEE,22.99,2024,IBM,Data_Science
8.67,CE,18.21,2025,Wipro,DevOps
9.4,CSE,27.71,2023,Google,Business_Analyst
5.48,IT,37.93,2025,Infosys,QA_Engineer
6.27,BT,28.99,2025,Flipkart,Product_Manager
8.8,BT,13.68,2025,IBM,UI/UX
8.18,ECE,6.07,2023,Microsoft,SDE
7.51,BT,8.0,2024,TCS,Product_Manager
9.92,IT,32.12,2024,Flipkart,SDE
8.27,IT,16.01,2024,Paytm,UI/UX
5.63,ME,8.16,2025,TCS,Product_Manager
9.81,ECE,19.77,2025,Infosys,DevOps
8.93,IT,33.1,2023,Flipkart,Data_Science
5.85,EEE,29.45,2025,Amazon,SDE
9.77,ME,19.28,2023,Flipkart,Data_Science
6.44,EEE,18.05,2023,Amazon,SDE
8.54,EEE,11.39,2023,Paytm,SDE
7.55,CSE,25.01,2024,Paytm,Product_Manager
5.01,CE,5.34,2024,Wipro,Product_Manager
5.34,CSE,8.82,2023,Amazon,Data_Science
9.08,BT,34.44,2023,TCS,Product_Manager
7.17,CSE,10.46,2025,Microsoft,Product_Manager
8.85,CE,34.3,2024,TCS,QA_Engineer
5.15,IT,7.44,2024,Google,Data_Science
9.32,ECE,17.4,2023,Wipro,DevOps
5.64,ECE,14.89,2023,Flipkart,Product_Manager
9.28,ME,22.09,2024,Wipro,QA_Engineer
8.22,IT,36.98,2025,IBM,Product_Manager
8.66,EEE,36.54,2023,Wipro,SDE
6.02,BT,6.59,2023,Flipkart,DevOps
5.05,IT,17.7,2023,Wipro,SDE
7.21,CE,25.35,2025,Infosys,SDE
7.65,EEE,29.04,2024,IBM,SDE
7.12,IT,27.64,2023,Adobe,Product_Manager
8.87,ME,28.83,2025,Infosys,DevOps
5.36,CE,34.96,2025,Paytm,Product_Manager
5.23,IT,37.79,2025,Adobe,Data_Science
5.98,CSE,35.23,2024,Wipro,Data_Science
5.9,BT,39.01,2025,Microsoft,Data_Science
5.05,CE,9.14,2023,Wipro,UI/UX
7.27,CE,3.38,2023,Wipro,UI/UX
5.62,EEE,28.76,2023,Wipro,DevOps
6.93,CSE,4.09,2024,Wipro,Business_Analyst
7.69,EEE,35.43,2023,Adobe,QA_Engineer
9.26,CE,3.67,2023,TCS,SDE
7.87,EEE,27.88,2024,Paytm,Business_Analyst
9.45,ECE,14.44,2024,Adobe,QA_Engineer
8.11,IT,15.44,2025,Amazon,Data_Science
8.49,CE,7.16,2024,TCS,Product_Manager
9.42,CSE,38.41,2023,Flipkart,Product_Manager
9.76,CE,30.34,2024,Infosys,Data_Science
8.7,ME,12.11,2025,Amazon,Data_Science
9.28,CSE,38.57,2024,Microsoft,Business_Analyst
5.21,CE,28.81,2023,TCS,Product_Manager
5.26,BT,30.4,2024,Wipro,UI/UX
8.01,EEE,19.79,2023,IBM,UI/UX
7.96,CSE,18.23,2024,Amazon,Product_Manager
6.2,CSE,13.9,2025,Flipkart,Product_Manager
9.38,CE,16.31,2023,Paytm,UI/UX
8.81,BT,16.0,2024,IBM,Business_Analyst
6.52,IT,17.24,2025,Infosys,DevOps
5.83,CSE,19.49,2025,Microsoft,UI/UX
8.25,CE,4.37,2023,Google,Data_Science
8.21,EEE,16.35,2023,Wipro,QA_Engineer
9.28,CSE,19.73,2025,Adobe,UI/UX
6.4,BT,11.64,2023,Paytm,Data_Science
9.48,IT,20.29,2023,Adobe,Product_Manager
7.29,IT,21.29,2025,TCS,UI/UX
8.87,CSE,27.57,2024,Microsoft,SDE
6.03,CE,37.85,2024,Microsoft,QA_Engineer
9.17,CSE,26.7,2025,Infosys,Product_Manager
9.43,ECE,3.65,2023,TCS,Product_Manager
5.49,IT,13.52,2025,Amazon,QA_Engineer
8.42,ECE,13.15,2024,Amazon,Data_Science
6.48,CE,20.17,2025,Paytm,Data_Science
6.03,EEE,32.58,2024,Amazon,DevOps
6.54,ME,39.38,2023,Flipkart,Product_Manager
5.95,CE,4.42,2023,TCS,Data_Science
6.22,BT,21.53,2023,Amazon,Business_Analyst
6.93,ECE,15.92,2023,Amazon,DevOps
7.68,ECE,8.01,2025,TCS,Product_Manager
5.12,ME,23.64,2023,Google,DevOps
9.2,IT,35.71,2024,Microsoft,UI/UX
7.31,IT,25.26,2025,Adobe,Data_Science
7.86,ME,11.11,2024,Flipkart,Business_Analyst
6.82,EEE,31.76,2024,TCS,UI/UX
5.43,ECE,38.62,2023,Google,Business_Analyst
6.33,ME,17.17,2023,IBM,UI/UX
6.51,IT,6.74,2024,Infosys,DevOps
5.73,IT,14.13,2025,Wipro,UI/UX
9.08,IT,21.11,2023,Microsoft,DevOps
9.83,IT,27.57,2024,IBM,SDE
8.51,EEE,9.85,2023,Amazon,QA_Engineer
5.97,CSE,34.24,2025,Wipro,Data_Science
7.9,EEE,8.66,2025,IBM,Business_Analyst
9.66,ME,18.55,2024,Amazon,Data_Science
8.53,IT,4.16,2023,Google,UI/UX
9.7,BT,3.45,2024,Paytm,SDE
5.72,ECE,32.4,2023,Paytm,UI/UX
8.17,IT,34.77,2025,Infosys,QA_Engineer
8.26,ME,13.15,2023,Infosys,Business_Analyst
5.48,CE,33.72,2024,Infosys,DevOps
8.44,CSE,11.15,2023,Google,SDE
7.45,CSE,18.57,2023,Flipkart,Data_Science
9.73,CSE,7.94,2024,Adobe,Data_Science
6.65,ECE,34.07,2025,Wipro,SDE
7.71,BT,32.31,2025,Microsoft,Data_Science
6.03,EEE,12.93,2023,Flipkart,UI/UX
7.36,BT,25.11,2025,Wipro,DevOps
7.39,CSE,26.96,2024,Microsoft,Product_Manager
9.45,IT,24.27,2024,Wipro,SDE
7.55,CSE,10.17,2024,Amazon,QA_Engineer
7.22,EEE,39.28,2025,Google,Business_Analyst
5.19,ME,21.74,2024,TCS,QA_Engineer
7.33,IT,39.88,2024,Infosys,DevOps
5.5,ECE,30.06,2024,Google,SDE
5.1,ECE,29.88,2023,IBM,Data_Science
5.65,IT,6.26,2024,Adobe,Business_Analyst
9.87,ECE,22.7,2023,Amazon,DevOps
